# ion_class=Ca, nodes=325, copies_total=945
node_id,name,ion_class,copies,unique_ids
29,184171_Ca_LVA-ID-1,Ca,50,184171_Ca_LVA-ID-1;184168_Ca_LVA-ID-1;184152_Ca_LVA-ID-1;184297_Ca_LVA-ID-1;184331_Ca_LVA-ID-1;184186_Ca_LVA-ID-1;184321_Ca_LVA-ID-1;184344_Ca_LVA-ID-1;184159_Ca_LVA-ID-1;184231_Ca_LVA-ID-1;184348_Ca_LVA-ID-1;184299_Ca_LVA-ID-1;184352_Ca_LVA-ID-1;184178_Ca_LVA-ID-1;184180_Ca_LVA-ID-1;184176_Ca_LVA-ID-1;184333_Ca_LVA-ID-1;184182_Ca_LVA-ID-1;184166_Ca_LVA-ID-1;184346_Ca_LVA-ID-1;184327_Ca_LVA-ID-1;184196_Ca_LVA-ID-1;184339_Ca_LVA-ID-1;184202_Ca_LVA-ID-1;184335_Ca_LVA-ID-1;184314_Ca_LVA-ID-1;184173_Ca_LVA-ID-1;184316_Ca_LVA-ID-1;184329_Ca_LVA-ID-1;184310_Ca_LVA-ID-1;184184_Ca_LVA-ID-1;184142_Ca_LVA-ID-1;184303_Ca_LVA-ID-1;184308_Ca_LVA-ID-1;184163_Ca_LVA-ID-1;184319_Ca_LVA-ID-1;184305_Ca_LVA-ID-1;184314_Ca_LVA-ID-2;184350_Ca_LVA-ID-1;184148_Ca_LVA-ID-1;184157_Ca_LVA-ID-1;184274_Ca_LVA-ID-1;184145_Ca_LVA-ID-1;184161_Ca_LVA-ID-1;184325_Ca_LVA-ID-1;184341_Ca_LVA-ID-1;184323_Ca_LVA-ID-1;184301_Ca_LVA-ID-1;184312_Ca_LVA-ID-1;184337_Ca_LVA-ID-1
30,184202_Ca_HVA-ID-1,Ca,50,184202_Ca_HVA-ID-1;184323_Ca_HVA-ID-1;184329_Ca_HVA-ID-1;184312_Ca_HVA-ID-1;184346_Ca_HVA-ID-1;184163_Ca_HVA-ID-1;184196_Ca_HVA-ID-1;184319_Ca_HVA-ID-1;184344_Ca_HVA-ID-1;184352_Ca_HVA-ID-1;184305_Ca_HVA-ID-1;184341_Ca_HVA-ID-1;184331_Ca_HVA-ID-1;184148_Ca_HVA-ID-1;184314_Ca_HVA-ID-1;184159_Ca_HVA-ID-1;184142_Ca_HVA-ID-1;184325_Ca_HVA-ID-1;184301_Ca_HVA-ID-1;184176_Ca_HVA-ID-1;184166_Ca_HVA-ID-1;184310_Ca_HVA-ID-1;184337_Ca_HVA-ID-1;184348_Ca_HVA-ID-1;184297_Ca_HVA-ID-1;184333_Ca_HVA-ID-1;184299_Ca_HVA-ID-1;184171_Ca_HVA-ID-1;184145_Ca_HVA-ID-1;184184_Ca_HVA-ID-1;184173_Ca_HVA-ID-1;184161_Ca_HVA-ID-1;184314_Ca_HVA-ID-2;184303_Ca_HVA-ID-1;184152_Ca_HVA-ID-1;184335_Ca_HVA-ID-1;184327_Ca_HVA-ID-1;184339_Ca_HVA-ID-1;184168_Ca_HVA-ID-1;184350_Ca_HVA-ID-1;184178_Ca_HVA-ID-1;184186_Ca_HVA-ID-1;184182_Ca_HVA-ID-1;184180_Ca_HVA-ID-1;184157_Ca_HVA-ID-1;184274_Ca_HVA-ID-1;184321_Ca_HVA-ID-1;184308_Ca_HVA-ID-1;184316_Ca_HVA-ID-1;184231_Ca_HVA-ID-1
48,3533_cat_thal-ID-1,Ca,1,3533_cat_thal-ID-1
49,19920_ca_a1g-ID-1,Ca,1,19920_ca_a1g-ID-1
50,19920_ca_a1i-ID-1,Ca,1,19920_ca_a1i-ID-1
51,19920_ca_a1h-ID-1,Ca,2,19920_ca_a1h-ID-1;143604_ca_a1h-ID-1
104,20212_calH-ID-1,Ca,8,20212_calH-ID-1;123815_calH-ID-1;144490_calH-ID-2;157157_calH-ID-1;181967_calH-ID-1;206244_calH-ID-1;246546_calH-ID-1;256311_calH-ID-1
108,20212_cat-ID-1,Ca,7,20212_cat-ID-1;123815_cat-ID-1;144490_cat-ID-2;157157_cat-ID-1;181967_cat-ID-1;246546_cat-ID-1;256311_cat-ID-1
112,20212_somacar-ID-1,Ca,8,20212_somacar-ID-1;123815_somacar-ID-1;144490_somacar-ID-2;206244_somacar-ID-1;157157_somacar-ID-1;181967_somacar-ID-1;246546_somacar-ID-1;256311_somacar-ID-1
116,20212_car-ID-1,Ca,8,20212_car-ID-1;123815_car-ID-1;144490_car-ID-2;157157_car-ID-1;206244_car-ID-1;181967_car-ID-1;246546_car-ID-1;256311_car-ID-1
125,51781_nca-ID-1,Ca,14,51781_nca-ID-1;64229_nca-ID-1;97917_nca-ID-1;123815_nca-ID-1;155602_nca-ID-1;155601_nca-ID-1;149174_nca-ID-1;155568_nca-ID-1;151126_nca-ID-1;157157_nca-ID-1;181967_nca-ID-1;256388_nca-ID-1;246546_nca-ID-1;256311_nca-ID-1
146,20212_cal-ID-1,Ca,8,20212_cal-ID-1;123815_cal-ID-1;144490_cal-ID-2;206244_cal-ID-1;157157_cal-ID-1;181967_cal-ID-1;246546_cal-ID-1;256311_cal-ID-1
147,51781_LcaMig-ID-1,Ca,15,51781_LcaMig-ID-1;64229_LcaMig-ID-1;124513_LcaMig-ID-1;97917_LcaMig-ID-1;123815_LcaMig-ID-1;155601_LcaMig-ID-1;155602_LcaMig-ID-1;149174_LcaMig-ID-1;151126_LcaMig-ID-1;155568_LcaMig-ID-1;157157_LcaMig-ID-1;181967_LcaMig-ID-1;256388_LcaMig-ID-1;246546_LcaMig-ID-1;256311_LcaMig-ID-1
204,95870_Ca-ID-1,Ca,3,95870_Ca-ID-1;64228_Ca-ID-1;267646_Rod_Ca-ID-1
251,229585_Cav3_1-ID-1,Ca,5,229585_Cav3_1-ID-1;239421_Cav3_1-ID-1;266806_Cav3_1-ID-1;266806_Cav3_1-ID-2;267189_Cav3_1-ID-1
260,116835_GRC_CA-ID-1,Ca,11,116835_GRC_CA-ID-1;139656_GRC_CA-ID-1;139883_GRC_CA-ID-1;206267_GRC_CA-ID-1;265584_GRC_CA-ID-1;265584_GRC_CA-ID-2;266806_GRC_CA-ID-2;266806_GRC_CA-ID-1;265584_GRC_CA-ID-3;265584_GRC_CA-ID-4;267189_GRC_CA-ID-1
264,144089_cat-ID-1,Ca,6,144089_cat-ID-1;155057_cat-ID-1;168310_cat-ID-1;230811_cat-ID-1;237595_cat-ID-1;237595_cat-ID-2
267,144089_car-ID-1,Ca,2,144089_car-ID-1;230811_car-ID-1
282,144450_can-ID-1,Ca,3,144450_can-ID-1;144089_can-ID-1;230811_can-ID-1
284,230811_cal-ID-1,Ca,1,230811_cal-ID-1
311,279_ITGHK-ID-1,Ca,2,279_ITGHK-ID-1;223891_ITGHK-ID-1
315,80769_CaP-ID-1,Ca,1,80769_CaP-ID-1
324,151460_CaT-ID-1,Ca,1,151460_CaT-ID-1
328,151460_HVA-ID-1,Ca,1,151460_HVA-ID-1
356,108458_CaH-ID-1,Ca,15,108458_CaH-ID-1;64195_ca-ID-1;135787_ca-ID-1;113732_ca-ID-1;144372_ca-ID-1;136803_ca-ID-1;117207_ca-ID-1;141273_ca-ID-1;140828_ca-ID-1;147514_ca-ID-1;151685_ca-ID-1;225075_ca-ID-1;266851_ca-ID-2;266851_ca-ID-1;249705_ca-ID-1
359,135787_caL3d-ID-1,Ca,2,135787_caL3d-ID-1;135839_caL3d-ID-1
367,151458_cat-ID-1,Ca,1,151458_cat-ID-1
371,151458_caq-ID-1,Ca,1,151458_caq-ID-1
372,112834_car-ID-1,Ca,3,112834_car-ID-1;151458_car-ID-1;150284_car-ID-1
380,151458_caL13-ID-1,Ca,1,151458_caL13-ID-1
383,151458_can-ID-1,Ca,1,151458_can-ID-1
387,151458_caL-ID-1,Ca,1,151458_caL-ID-1
442,97917_cat-ID-1,Ca,3,97917_cat-ID-1;144579_cat-ID-1;244262_cat-ID-1
447,97917_cat_a-ID-1,Ca,3,97917_cat_a-ID-1;144579_cat_a-ID-1;244262_cat_a-ID-1
473,97917_cal-ID-1,Ca,4,97917_cal-ID-1;144401_cal-ID-1;144579_cal-ID-1;244262_cal-ID-1
479,51781_tca-ID-1,Ca,8,51781_tca-ID-1;64229_tca-ID-1;124513_tca-ID-1;97917_tca-ID-1;155601_tca-ID-1;155602_tca-ID-1;149174_tca-ID-1;155568_tca-ID-1
495,168310_car-ID-1,Ca,4,168310_car-ID-1;155057_car-ID-1;237595_car-ID-1;237595_car-ID-2
505,155057_can-ID-1,Ca,4,155057_can-ID-1;168310_can-ID-1;237595_can-ID-2;237595_can-ID-1
507,144450_cal-ID-1,Ca,5,144450_cal-ID-1;155057_cal-ID-1;168310_cal-ID-1;237595_cal-ID-1;237595_cal-ID-2
518,113446_it-ID-1,Ca,1,113446_it-ID-1
536,113446_cal2-ID-1,Ca,1,113446_cal2-ID-1
597,20007_CAlM95-ID-1,Ca,1,20007_CAlM95-ID-1
598,20007_CAtM95-ID-1,Ca,1,20007_CAtM95-ID-1
601,20007_CAnM95-ID-1,Ca,1,20007_CAnM95-ID-1
608,101629_cat-ID-1,Ca,15,101629_cat-ID-1;87284_cat-ID-1;126814_cat-ID-1;137259_cat-ID-1;223649_cat-ID-2;223649_cat-ID-3;244688_cat-ID-1;228599_cat-ID-1;257027_cat-ID-1;267298_cat-ID-1;267066_cat-ID-1;267686_cat-ID-1;267742_cat-ID-1;267307_cat-ID-1;266901_cat-ID-1
610,101629_can2-ID-1,Ca,18,101629_can2-ID-1;126814_can2-ID-1;87284_can2-ID-1;137259_can2-ID-1;168874_can_mig-ID-1;181967_can2-ID-1;223649_can2-ID-1;223649_can2-ID-2;244688_can2-ID-1;244412_can2-ID-1;228599_can2-ID-1;257027_can2-ID-1;267066_can2-ID-1;267298_can2-ID-1;267686_can2-ID-1;267742_can2-ID-1;267307_can2-ID-1;266901_can2-ID-1
616,101629_cal2-ID-1,Ca,16,101629_cal2-ID-1;137259_cal2-ID-1;126814_cal2-ID-1;87284_cal2-ID-1;148094_cal2-ID-1;223649_cal2-ID-2;244688_cal2-ID-1;228599_cal2-ID-1;244412_cal2-ID-1;257027_cal2-ID-1;267066_cal2-ID-1;267298_cal2-ID-1;267686_cal2-ID-1;267742_cal2-ID-1;267307_cal2-ID-1;266901_cal2-ID-1
639,169457_Ca_LVAst-ID-1,Ca,9,169457_Ca_LVAst-ID-1;187615_Ca_LVAst-ID-1;237469_Ca_LVAst-ID-1;237469_Ca_LVAst-ID-2;187474_Ca_LVAst-ID-2;187474_Ca_LVAst-ID-3;187474_Ca_LVAst-ID-1;249463_Ca_LVAst-ID-1;267293_Ca_LVAst-ID-1
644,169457_Ca_HVA-ID-1,Ca,9,169457_Ca_HVA-ID-1;187615_Ca_HVA-ID-1;187474_Ca_HVA-ID-3;187474_Ca_HVA-ID-2;237469_Ca_HVA-ID-2;187474_Ca_HVA-ID-1;237469_Ca_HVA-ID-1;249463_Ca_HVA-ID-1;267293_Ca_HVA-ID-1
662,3808_il-ID-1,Ca,7,3808_il-ID-1;121600_il-ID-1;121600_il-ID-2;144372_il-ID-1;232876_il-ID-2;232876_il-ID-3;232876_il-ID-1
672,114637_ical-ID-1,Ca,1,114637_ical-ID-1
676,144523_CaHVA-ID-1,Ca,4,144523_CaHVA-ID-1;150024_CaHVA-ID-1;185513_CaHVA-ID-1;267189_CaHVA-ID-1
679,144523_CaLVA-ID-1,Ca,4,144523_CaLVA-ID-1;150024_CaLVA-ID-1;185513_CaLVA-ID-1;267189_CaLVA-ID-1
700,17664_CaT-ID-1,Ca,2,17664_CaT-ID-1;149000_CaT-ID-1
702,17664_CaP-ID-1,Ca,2,17664_CaP-ID-1;149000_CaP-ID-1
705,17664_CaE-ID-1,Ca,2,17664_CaE-ID-1;149000_CaE-ID-1
706,17664_CaP2-ID-1,Ca,2,17664_CaP2-ID-1;149000_CaP2-ID-1
724,112834_caq-ID-1,Ca,3,112834_caq-ID-1;150284_caq-ID-1;236310_caq-ID-1
743,7907_ca-ID-1,Ca,2,7907_ca-ID-1;7907_ca-ID-2
762,119266_cat-ID-1,Ca,1,119266_cat-ID-1
766,119266_car-ID-1,Ca,1,119266_car-ID-1
774,119266_can-ID-1,Ca,1,119266_can-ID-1
776,119266_cal-ID-1,Ca,1,119266_cal-ID-1
791,149100_Ca_LVAst-ID-1,Ca,75,149100_Ca_LVAst-ID-1;180373_Ca_LVAst-ID-1;180373_Ca_LVAst-ID-2;156780_Ca_LVAst-ID-1;225311_Ca_LVAst-ID-1;224923_Ca_LVAst-ID-1;231427_Ca_LVAst-ID-1;229276_Ca_LVAst-ID-1;241165_Ca_LVAst-ID-1;241165_Ca_LVAst-ID-12;241165_Ca_LVAst-ID-15;241165_Ca_LVAst-ID-21;241165_Ca_LVAst-ID-18;241165_Ca_LVAst-ID-10;241165_Ca_LVAst-ID-9;241165_Ca_LVAst-ID-23;241165_Ca_LVAst-ID-7;241165_Ca_LVAst-ID-13;241165_Ca_LVAst-ID-24;241165_Ca_LVAst-ID-25;241165_Ca_LVAst-ID-16;241165_Ca_LVAst-ID-11;241165_Ca_LVAst-ID-14;241165_Ca_LVAst-ID-2;241165_Ca_LVAst-ID-6;241165_Ca_LVAst-ID-8;241165_Ca_LVAst-ID-22;241165_Ca_LVAst-ID-4;241165_Ca_LVAst-ID-17;241165_Ca_LVAst-ID-5;241165_Ca_LVAst-ID-3;241165_Ca_LVAst-ID-20;241165_Ca_LVAst-ID-19;264834_Ca_LVAst-ID-1;251493_Ca_LVAst-ID-1;239145_Ca_LVAst-ID-1;260971_Ca_LVAst-ID-2;261460_Ca_LVAst-ID-1;260971_Ca_LVAst-ID-1;260971_Ca_LVAst-ID-3;260971_Ca_LVAst-ID-5;260971_Ca_LVAst-ID-4;260971_Ca_LVAst-ID-6;267067_Ca_LVAst-ID-1;266851_Ca_LVAst-ID-1;267067_Ca_LVAst-ID-2;266984_Ca_LVAst-ID-1;267691_Ca_LVAst-ID-16;267691_Ca_LVAst-ID-11;267691_Ca_LVAst-ID-6;267691_Ca_LVAst-ID-1;267691_Ca_LVAst-ID-7;267691_Ca_LVAst-ID-2;267691_Ca_LVAst-ID-19;267691_Ca_LVAst-ID-15;267691_Ca_LVAst-ID-3;267384_Ca_LVAst-ID-1;267691_Ca_LVAst-ID-22;267691_Ca_LVAst-ID-23;267691_Ca_LVAst-ID-10;267691_Ca_LVAst-ID-8;267691_Ca_LVAst-ID-21;267691_Ca_LVAst-ID-12;267691_Ca_LVAst-ID-18;267691_Ca_LVAst-ID-25;267691_Ca_LVAst-ID-13;267691_Ca_LVAst-ID-14;267691_Ca_LVAst-ID-24;267691_Ca_LVAst-ID-20;267691_Ca_LVAst-ID-9;267691_Ca_LVAst-ID-4;267691_Ca_LVAst-ID-5;267691_Ca_LVAst-ID-17;267511_Ca_LVAst-ID-1;249705_Ca_LVAst-ID-1
803,149100_Ca_HVA-ID-1,Ca,14,149100_Ca_HVA-ID-1;180373_Ca_HVA-ID-2;156780_Ca_HVA-ID-1;180373_Ca_HVA-ID-1;225311_Ca_HVA-ID-1;224923_Ca_HVA-ID-1;231427_Ca_HVA-ID-1;251493_Ca_HVA-ID-1;239145_Ca_HVA-ID-1;266851_Ca_HVA-ID-1;266851_Ca_HVA-ID-3;266984_Ca_HVA-ID-1;266851_Ca_HVA-ID-2;249705_Ca_HVA-ID-1
899,189154_cat-ID-1,Ca,2,189154_cat-ID-1;185858_cat-ID-1
913,189154_can-ID-1,Ca,2,189154_can-ID-1;185858_can-ID-1
918,189154_cal-ID-1,Ca,2,189154_cal-ID-1;185858_cal-ID-1
925,120910_cachdend-ID-1,Ca,1,120910_cachdend-ID-1
930,139657_lva-ID-1,Ca,1,139657_lva-ID-1
939,102288_ICaL-ID-1,Ca,2,102288_ICaL-ID-1;182797_ICaL-ID-1
947,102288_ICaT-ID-1,Ca,2,102288_ICaT-ID-1;182797_ICaT-ID-1
965,147218_cap-ID-1,Ca,1,147218_cap-ID-1
982,97860_Ca-ID-1,Ca,1,97860_Ca-ID-1
998,123897_ca-ID-1,Ca,4,123897_ca-ID-1;206398_ca-ID-1;237594_ca-ID-1;241160_ca-ID-1
1012,168310_cancr-ID-1,Ca,6,168310_cancr-ID-1;237595_cancr-ID-1;246546_cancr-ID-1;237595_cancr-ID-2;256311_cancr-ID-1;260015_cancr-ID-1
1044,229585_Cav3_3-ID-1,Ca,3,229585_Cav3_3-ID-1;239421_Cav3_3-ID-1;267189_Cav3_3-ID-1
1045,229585_Cav3_2-ID-1,Ca,3,229585_Cav3_2-ID-1;239421_Cav3_2-ID-1;267189_Cav3_2-ID-1
1046,229585_Cav2_1-ID-1,Ca,3,229585_Cav2_1-ID-1;239421_Cav2_1-ID-1;267189_Cav2_1-ID-1
1051,124513_nca-ID-1,Ca,1,124513_nca-ID-1
1061,2488_ca-ID-1,Ca,2,2488_ca-ID-1;135839_ca-ID-1
1099,82784_HVA-ID-1,Ca,1,82784_HVA-ID-1
1114,20756_cat-ID-1,Ca,6,20756_cat-ID-1;113732_cat-ID-1;136803_cat-ID-1;151685_cat-ID-1;168858_cat-ID-1;184497_cat-ID-1
1129,168858_cal-ID-1,Ca,1,168858_cal-ID-1
1176,53876_hva-ID-1,Ca,1,53876_hva-ID-1
1179,53876_lva-ID-1,Ca,1,53876_lva-ID-1
1180,53876_caleak-ID-1,Ca,1,53876_caleak-ID-1
1256,112685_Golgi_Ca_LVA-ID-1,Ca,4,112685_Golgi_Ca_LVA-ID-1;127021_Golgi_Ca_LVA-ID-1;139656_Golgi_Ca_LVA-ID-1;266578_Golgi_Ca_LVA-ID-1
1262,112685_Golgi_Ca_HVA-ID-1,Ca,3,112685_Golgi_Ca_HVA-ID-1;127021_Golgi_Ca_HVA-ID-1;139656_Golgi_Ca_HVA-ID-1
1263,144450_calH-ID-1,Ca,1,144450_calH-ID-1
1267,144450_cat-ID-1,Ca,1,144450_cat-ID-1
1269,144450_somacar-ID-1,Ca,1,144450_somacar-ID-1
1271,144450_car-ID-1,Ca,1,144450_car-ID-1
1284,151126_calH-ID-1,Ca,2,151126_calH-ID-1;256388_calH-ID-1
1287,143719_cat-ID-1,Ca,4,143719_cat-ID-1;147757_cat-ID-1;151126_cat-ID-1;256388_cat-ID-1
1288,143719_somacar-ID-1,Ca,4,143719_somacar-ID-1;147757_somacar-ID-1;151126_somacar-ID-1;256388_somacar-ID-1
1291,143719_car-ID-1,Ca,4,143719_car-ID-1;147757_car-ID-1;151126_car-ID-1;256388_car-ID-1
1305,143719_cal-ID-1,Ca,5,143719_cal-ID-1;147757_cal-ID-1;151126_cal-ID-1;244416_cal-ID-1;256388_cal-ID-1
1327,128559_iCaL-ID-1,Ca,4,128559_iCaL-ID-1;151949_iCaL-ID-1;168414_iCaL-ID-1;267056_iCaL-ID-1
1352,2733_lcafixed-ID-1,Ca,8,2733_lcafixed-ID-1;2487_lcafixed-ID-1;2730_lcafixed-ID-1;64296_lcafixed-ID-1;64229_lcafixed-ID-1;116094_lcafixed-ID-2;116094_lcafixed-ID-1;223649_lcafixed-ID-1
1364,153280_ch_CavT-ID-1,Ca,1,153280_ch_CavT-ID-1
1381,153280_ch_CavLZ-ID-1,Ca,1,153280_ch_CavLZ-ID-1
1382,153280_ch_CavL-ID-1,Ca,1,153280_ch_CavL-ID-1
1383,153280_ch_CavN-ID-1,Ca,3,153280_ch_CavN-ID-1;187604_ch_CavN-ID-1;260015_ch_CavN-ID-1
1391,113997_ICaL-ID-1,Ca,2,113997_ICaL-ID-1;144376_ICaL-ID-1
1400,185355_CaT-ID-1,Ca,1,185355_CaT-ID-1
1407,185355_CaN-ID-1,Ca,1,185355_CaN-ID-1
1408,185355_CaL-ID-1,Ca,1,185355_CaL-ID-1
1451,138382_CaT3_1-ID-1,Ca,1,138382_CaT3_1-ID-1
1453,138382_newCaP-ID-1,Ca,1,138382_newCaP-ID-1
1462,3808_it-ID-1,Ca,3,3808_it-ID-1;121600_it-ID-1;121600_it-ID-2
1474,180789_cat-ID-1,Ca,2,180789_cat-ID-1;266578_cat-ID-1
1481,180789_cae-ID-1,Ca,2,180789_cae-ID-1;266578_cae-ID-1
1482,180789_cap2-ID-1,Ca,2,180789_cap2-ID-1;266578_cap2-ID-1
1502,180789_captain-ID-1,Ca,2,180789_captain-ID-1;266578_captain-ID-1
1506,195615_can_mig-ID-1,Ca,5,195615_can_mig-ID-1;266851_can_mig-ID-1;266851_can_mig-ID-2;260015_can_mig-ID-1;267511_can_mig-ID-1
1519,37819_ca-ID-1,Ca,2,37819_ca-ID-1;260015_Nca-ID-1
1521,195615_cal2-ID-1,Ca,5,195615_cal2-ID-1;266851_cal_mig-ID-1;266851_cal_mig-ID-2;260015_cal_mig-ID-1;267511_cal_mig-ID-1
1552,3817_IT-ID-1,Ca,3,3817_IT-ID-1;123623_IT_huguenard-ID-1;239878_IT-ID-1
1600,121060_chan_CaL13-ID-1,Ca,1,121060_chan_CaL13-ID-1
1601,121060_chan_CaL12-ID-1,Ca,1,121060_chan_CaL12-ID-1
1604,121060_chan_CaT-ID-1,Ca,1,121060_chan_CaT-ID-1
1607,121060_chan_CaR-ID-1,Ca,1,121060_chan_CaR-ID-1
1610,121060_chan_CaQ-ID-1,Ca,1,121060_chan_CaQ-ID-1
1613,121060_chan_CaN-ID-1,Ca,1,121060_chan_CaN-ID-1
1638,116096_ca-ID-1,Ca,1,116096_ca-ID-1
1654,143604_ca-ID-1,Ca,1,143604_ca-ID-1
1655,143604_ca_a1g-ID-1,Ca,1,143604_ca_a1g-ID-1
1682,144089_cal-ID-1,Ca,1,144089_cal-ID-1
1769,187615_ca_r-ID-1,Ca,1,187615_ca_r-ID-1
1772,187615_ca_h-ID-1,Ca,1,187615_ca_h-ID-1
1780,140249_ical-ID-1,Ca,2,140249_ical-ID-1;156039_ical-ID-1
1781,140249_it2-ID-1,Ca,2,140249_it2-ID-1;156039_it2-ID-1
1816,187473_cal-ID-1,Ca,2,187473_cal-ID-1;266498_cal-ID-1
1817,112834_cat-ID-1,Ca,2,112834_cat-ID-1;150284_cat-ID-1
1821,112834_caL13-ID-1,Ca,2,112834_caL13-ID-1;150284_caL13-ID-1
1823,112834_can-ID-1,Ca,2,112834_can-ID-1;150284_can-ID-1
1824,112834_caL-ID-1,Ca,2,112834_caL-ID-1;150284_caL-ID-1
1844,12631_IT2_huguenard-ID-1,Ca,1,12631_IT2_huguenard-ID-1
1858,12631_IT_wang-ID-1,Ca,1,12631_IT_wang-ID-1
1864,150240_IT-ID-1,Ca,1,150240_IT-ID-1
1869,20212_ITGHK-ID-1,Ca,5,20212_ITGHK-ID-1;150240_ITGHK-ID-1;232876_ITGHK-ID-1;232876_ITGHK-ID-2;232876_ITGHK-ID-3
1882,48332_cap-ID-1,Ca,2,48332_cap-ID-1;155735_cap-ID-1
1894,155735_CaT-ID-1,Ca,2,155735_CaT-ID-1;206364_CaT-ID-1
1895,155735_CaP-ID-1,Ca,2,155735_CaP-ID-1;206364_CaP-ID-1
1933,114359_ca-ID-1,Ca,1,114359_ca-ID-1
1959,18198_caL3d-ID-1,Ca,3,18198_caL3d-ID-1;140828_caL3d-ID-1;225075_caL3d-ID-1
1968,3263_cat-ID-1,Ca,3,3263_cat-ID-1;147867_cat-ID-1;266823_cat-ID-1
1970,3263_can2-ID-1,Ca,3,3263_can2-ID-1;147867_can2-ID-1;266823_can2-ID-1
1978,3263_cal2-ID-1,Ca,8,3263_cal2-ID-1;147867_cal2-ID-1;150288_cal2-ID-1;151482_cal2-ID-1;223649_cal2-ID-1;247968_cal2-ID-1;259261_cal2-ID-1;266823_cal2-ID-1
2005,168874_cal_mig-ID-1,Ca,1,168874_cal_mig-ID-1
2010,168874_cat_mig-ID-1,Ca,1,168874_cat_mig-ID-1
2028,124063_Bip_Ca-ID-1,Ca,2,124063_Bip_Ca-ID-1;267646_Bip_Ca-ID-1
2066,53451_ca-ID-1,Ca,1,53451_ca-ID-1
2069,226010_CaHVA-ID-1,Ca,1,226010_CaHVA-ID-1
2070,226010_CaLVA-ID-1,Ca,1,226010_CaLVA-ID-1
2110,139421_icaolmw-ID-1,Ca,4,139421_icaolmw-ID-1;151282_icaolmw-ID-1;186768_icaolmw-ID-1;258738_icaolmw-ID-1
2112,135902_icapr-ID-1,Ca,7,135902_icapr-ID-1;139421_icapr-ID-1;135903_icapr-ID-1;186768_icapr-ID-1;182134_icapr-ID-1;230861_icapr-ID-1;258738_icapr-ID-1
2162,64229_catRT03-ID-1,Ca,2,64229_catRT03-ID-1;64229_catRT03-ID-2
2179,64229_cah-ID-2,Ca,1,64229_cah-ID-2
2185,149739_CaT-ID-1,Ca,3,149739_CaT-ID-1;183300_CaT-ID-1;232097_CaT-ID-1
2192,149739_LCa-ID-1,Ca,3,149739_LCa-ID-1;183300_LCa-ID-1;232097_LCa-ID-1
2196,149739_CaPN-ID-1,Ca,3,149739_CaPN-ID-1;183300_CaPN-ID-1;232097_CaPN-ID-1
2214,112546_cat-ID-1,Ca,4,112546_cat-ID-1;118986_cat-ID-1;144392_cat-ID-1;148094_cat-ID-1
2239,3343_IT-ID-1,Ca,2,3343_IT-ID-1;234233_IT-ID-1
2246,3343_IT2-ID-1,Ca,2,3343_IT2-ID-1;234233_IT2-ID-1
2251,153574_TCa_d-ID-1,Ca,2,153574_TCa_d-ID-1;153574_TCa_d-ID-2
2278,115356_CAT-ID-1,Ca,3,115356_CAT-ID-1;123927_CAT-ID-1;125152_CAT-ID-1
2282,115356_CAR-ID-1,Ca,3,115356_CAR-ID-1;125152_CAR-ID-1;123927_CAR-ID-1
2284,115356_CAnpq-ID-1,Ca,3,115356_CAnpq-ID-1;125152_CAnpq-ID-1;123927_CAnpq-ID-1
2292,115356_CAl-ID-1,Ca,3,115356_CAl-ID-1;123927_CAl-ID-1;125152_CAl-ID-1
2306,9889_IT2_huguenard-ID-1,Ca,1,9889_IT2_huguenard-ID-1
2315,9889_IT_wang-ID-1,Ca,1,9889_IT_wang-ID-1
2323,50997_tsbp-ID-1,Ca,1,50997_tsbp-ID-1
2328,50997_cagf-ID-1,Ca,1,50997_cagf-ID-1
2341,135902_icaolmw-ID-1,Ca,4,135902_icaolmw-ID-1;135903_icaolmw-ID-1;182134_icaolmw-ID-1;230861_icaolmw-ID-1
2365,46839_grc_ca-ID-1,Ca,1,46839_grc_ca-ID-1
2372,180370_L_Ca-ID-1,Ca,1,180370_L_Ca-ID-1
2388,223649_IT_huguenard-ID-2,Ca,1,223649_IT_huguenard-ID-2
2390,223649_IL_gutnick-ID-2,Ca,1,223649_IL_gutnick-ID-2
2412,140462_ICat2-ID-1,Ca,2,140462_ICat2-ID-1;223649_ICat2-ID-1
2420,20212_ca-ID-1,Ca,5,20212_ca-ID-1;108459_ca-ID-1;150288_ca-ID-1;223649_ca-ID-1;247968_ca-ID-1
2446,223649_cadyn-ID-2,Ca,2,223649_cadyn-ID-2;247968_cadyn-ID-1
2456,223649_cal2-ID-3,Ca,1,223649_cal2-ID-3
2468,116740_Ca-ID-1,Ca,1,116740_Ca-ID-1
2471,146030_LCa3_mit_usb_ChannelML-ID-1,Ca,1,146030_LCa3_mit_usb_ChannelML-ID-1
2494,183949_L_Ca_inact-ID-1,Ca,2,183949_L_Ca_inact-ID-1;239582_L_Ca_inact-ID-1
2496,123453_Cav2-ID-1,Ca,1,123453_Cav2-ID-1
2517,83344_SlowCa-ID-1,Ca,8,83344_SlowCa-ID-1;124043_SlowCa-ID-1;138321_SlowCa-ID-1;150538_SlowCa-ID-1;187603_sca-ID-1;266844_SlowCa-ID-3;266844_SlowCa-ID-1;266844_SlowCa-ID-2
2583,143671_L_Ca-ID-1,Ca,3,143671_L_Ca-ID-1;183949_L_Ca-ID-1;217882_L_Ca-ID-1
2589,151825_ca_r-ID-1,Ca,1,151825_ca_r-ID-1
2592,151825_ca_h-ID-1,Ca,1,151825_ca_h-ID-1
2603,83344_it2-ID-1,Ca,9,83344_it2-ID-1;64195_caT-ID-1;108459_it2-ID-1;124043_it2-ID-1;138321_it2-ID-1;187603_it2-ID-1;266844_it2-ID-2;266844_it2-ID-3;266844_it2-ID-1
2647,17663_IT2-ID-1,Ca,1,17663_IT2-ID-1
2656,114685_HVA-ID-1,Ca,1,114685_HVA-ID-1
2683,154732_carF-ID-1,Ca,1,154732_carF-ID-1
2711,52034_cah-ID-1,Ca,1,52034_cah-ID-1
2722,19591_caleak-ID-1,Ca,1,19591_caleak-ID-1
2724,19591_CaHVA_chan-ID-1,Ca,1,19591_CaHVA_chan-ID-1
2740,123623_IL_gutnick-ID-1,Ca,1,123623_IL_gutnick-ID-1
2777,125385_sca-ID-1,Ca,1,125385_sca-ID-1
2781,125385_sit2-ID-1,Ca,1,125385_sit2-ID-1
2786,125378_ca12dZUy-ID-1,Ca,1,125378_ca12dZUy-ID-1
2792,83547_calcha-ID-1,Ca,1,83547_calcha-ID-1
2801,144526_CaT-ID-1,Ca,22,144526_CaT-ID-1;223955_CaT-ID-6;223955_CaT-ID-10;223955_CaT-ID-4;223955_CaT-ID-15;223955_CaT-ID-17;223955_CaT-ID-1;223955_CaT-ID-13;223955_CaT-ID-2;223955_CaT-ID-7;223955_CaT-ID-5;223955_CaT-ID-9;223955_CaT-ID-14;223955_CaT-ID-8;223955_CaT-ID-11;223955_CaT-ID-16;223955_CaT-ID-12;223955_CaT-ID-19;223955_CaT-ID-3;223955_CaT-ID-20;223955_CaT-ID-18;267355_CaT-ID-1
2805,144526_CaH-ID-1,Ca,22,144526_CaH-ID-1;223955_CaH-ID-14;223955_CaH-ID-6;223955_CaH-ID-4;223955_CaH-ID-8;223955_CaH-ID-17;223955_CaH-ID-16;223955_CaH-ID-2;223955_CaH-ID-20;223955_CaH-ID-1;223955_CaH-ID-19;223955_CaH-ID-15;223955_CaH-ID-13;223955_CaH-ID-9;223955_CaH-ID-12;223955_CaH-ID-18;223955_CaH-ID-3;223955_CaH-ID-5;223955_CaH-ID-10;223955_CaH-ID-7;223955_CaH-ID-11;267355_CaH-ID-1
2883,168310_calcb-ID-1,Ca,3,168310_calcb-ID-1;237595_calcb-ID-2;237595_calcb-ID-1
2891,168310_canin-ID-1,Ca,3,168310_canin-ID-1;237595_canin-ID-1;237595_canin-ID-2
2897,168310_calc-ID-1,Ca,3,168310_calc-ID-1;237595_calc-ID-1;237595_calc-ID-2
2952,39949_caL-ID-1,Ca,1,39949_caL-ID-1
2971,146026_SlowCa-ID-1,Ca,1,146026_SlowCa-ID-1
2980,144385_car-ID-1,Ca,3,144385_car-ID-1;116769_car-ID-1;231427_car-ID-1
3006,168148_ca-ID-1,Ca,1,168148_ca-ID-1
3012,112359_cachan-ID-1,Ca,1,112359_cachan-ID-1
3036,144385_ca-ID-1,Ca,1,144385_ca-ID-1
3052,53965_IT2-ID-1,Ca,1,53965_IT2-ID-1
3053,53965_IT2-ID-2,Ca,1,53965_IT2-ID-2
3054,53965_IT2-ID-3,Ca,1,53965_IT2-ID-3
3092,207695_CAn-ID-1,Ca,1,207695_CAn-ID-1
3105,124063_Rod_Ca-ID-1,Ca,1,124063_Rod_Ca-ID-1
3122,93321_cat-ID-1,Ca,1,93321_cat-ID-1
3124,93321_cas-ID-1,Ca,1,93321_cas-ID-1
3139,127507_newcachan-ID-1,Ca,3,127507_newcachan-ID-1;235320_newcachan-ID-1;244599_newcachan-ID-1
3144,143719_calH-ID-1,Ca,2,143719_calH-ID-1;147757_calH-ID-1
3157,19746_CA1CaG-ID-1,Ca,1,19746_CA1CaG-ID-1
3179,153196_ca-ID-1,Ca,1,153196_ca-ID-1
3184,108458_CaT-ID-1,Ca,5,108458_CaT-ID-1;140828_CaT-ID-1;146565_CaT-ID-1;225075_CaT-ID-1;231185_CaT-ID-1
3207,37819_IT-ID-1,Ca,3,37819_IT-ID-1;116862_IT-ID-1;267511_IT-ID-1
3226,37819_IT2-ID-1,Ca,3,37819_IT2-ID-1;116862_IT2-ID-1;267511_IT2-ID-1
3271,105385_cal_gp-ID-1,Ca,1,105385_cal_gp-ID-1
3279,105385_cap_gp-ID-1,Ca,2,105385_cap_gp-ID-1;122329_cap_gp-ID-1
3283,53569_CaT-ID-1,Ca,1,53569_CaT-ID-1
3284,53569_CaP-ID-1,Ca,1,53569_CaP-ID-1
3301,143100_CaH-ID-1,Ca,2,143100_CaH-ID-1;267669_CaH-ID-1
3338,181967_can3-ID-1,Ca,1,181967_can3-ID-1
3341,181967_cat3-ID-1,Ca,1,181967_cat3-ID-1
3343,181967_cat2-ID-1,Ca,1,181967_cat2-ID-1
3345,181967_cal1-ID-1,Ca,1,181967_cal1-ID-1
3346,181967_cal2-ID-1,Ca,1,181967_cal2-ID-1
3376,97863_is-ID-1,Ca,1,97863_is-ID-1
3384,98017_ICa-ID-1,Ca,1,98017_ICa-ID-1
3470,144490_calH-ID-1,Ca,1,144490_calH-ID-1
3473,144490_cat-ID-1,Ca,1,144490_cat-ID-1
3474,144490_somacar-ID-1,Ca,1,144490_somacar-ID-1
3477,144490_car-ID-1,Ca,1,144490_car-ID-1
3482,144490_car_mag-ID-1,Ca,1,144490_car_mag-ID-1
3487,144490_cal-ID-1,Ca,1,144490_cal-ID-1
3498,146565_ca-ID-1,Ca,1,146565_ca-ID-1
3511,144007_LGMD_CaL-ID-1,Ca,2,144007_LGMD_CaL-ID-1;144007_LGMD_CaL-ID-2
3533,140462_ICat1m3h-ID-1,Ca,1,140462_ICat1m3h-ID-1
3561,185332_CAn-ID-1,Ca,1,185332_CAn-ID-1
3565,139653_Ca_LVAst-ID-1,Ca,1,139653_Ca_LVAst-ID-1
3570,139653_Ca_HVA-ID-1,Ca,1,139653_Ca_HVA-ID-1
3586,113732_tchannel-ID-1,Ca,1,113732_tchannel-ID-1
3588,113732_catp-ID-1,Ca,1,113732_catp-ID-1
3638,3670_IT2-ID-1,Ca,1,3670_IT2-ID-1
3654,125857_cacurrent-ID-1,Ca,1,125857_cacurrent-ID-1
3672,19491_L_HVA_Ca-ID-1,Ca,2,19491_L_HVA_Ca-ID-1;147514_L_HVA_Ca-ID-1
3673,19491_N_Ca-ID-1,Ca,1,19491_N_Ca-ID-1
3674,19491_L_Ca-ID-1,Ca,1,19491_L_Ca-ID-1
3691,74298_CaT-ID-1,Ca,1,74298_CaT-ID-1
3693,74298_HVA-ID-1,Ca,1,74298_HVA-ID-1
3706,156733_GRANULE_CA-ID-1,Ca,1,156733_GRANULE_CA-ID-1
3853,144482_cat-ID-1,Ca,1,144482_cat-ID-1
3859,144482_ca-ID-1,Ca,1,144482_ca-ID-1
3865,144482_casoma-ID-1,Ca,1,144482_casoma-ID-1
3872,110560_calcium-ID-1,Ca,1,110560_calcium-ID-1
3930,150288_cadyn-ID-1,Ca,1,150288_cadyn-ID-1
3942,3800_ical-ID-1,Ca,1,3800_ical-ID-1
3972,53893_lva-ID-1,Ca,1,53893_lva-ID-1
3990,87473_cahi-ID-1,Ca,1,87473_cahi-ID-1
3999,155796_can-ID-1,Ca,1,155796_can-ID-1
4017,3807_cachlech-ID-1,Ca,1,3807_cachlech-ID-1
4027,150446_CaTraub1994-ID-1,Ca,1,150446_CaTraub1994-ID-1
4049,51196_grc_ca-ID-1,Ca,1,51196_grc_ca-ID-1
4068,116862_ntt-ID-1,Ca,2,116862_ntt-ID-1;136095_ntt-ID-1
4071,116862_IL3-ID-1,Ca,2,116862_IL3-ID-1;136095_IL3-ID-1
4073,116862_IL-ID-1,Ca,1,116862_IL-ID-1
4106,98005_cap_ch-ID-1,Ca,1,98005_cap_ch-ID-1
4109,98005_cal_ch-ID-1,Ca,1,98005_cal_ch-ID-1
4198,136095_IL-ID-1,Ca,1,136095_IL-ID-1
4204,140471_Ca-ID-1,Ca,1,140471_Ca-ID-1
4208,147461_iCaL-ID-1,Ca,1,147461_iCaL-ID-1
4221,18502_cachan-ID-1,Ca,1,18502_cachan-ID-1
4240,3808_it2-ID-1,Ca,1,3808_it2-ID-1
4266,126637_CaEcvode-ID-1,Ca,1,126637_CaEcvode-ID-1
4268,126637_CaT-ID-1,Ca,1,126637_CaT-ID-1
4274,126637_CaE-ID-1,Ca,1,126637_CaE-ID-1
4275,126637_CaP2-ID-1,Ca,1,126637_CaP2-ID-1
4285,126637_CaP2cvode-ID-1,Ca,1,126637_CaP2cvode-ID-1
4288,126637_CaTcvode-ID-1,Ca,1,126637_CaTcvode-ID-1
4291,3457_calrgc-ID-1,Ca,1,3457_calrgc-ID-1
4292,3457_canrgc-ID-1,Ca,1,3457_canrgc-ID-1
4296,230326_Ca_LVAst-ID-1,Ca,1,230326_Ca_LVAst-ID-1
4298,230326_Ca_HVA-ID-1,Ca,1,230326_Ca_HVA-ID-1
4333,232023_Golgi_Ca_HVA-ID-1,Ca,1,232023_Golgi_Ca_HVA-ID-1
4345,232023_GRANULE_CA-ID-1,Ca,1,232023_GRANULE_CA-ID-1
4397,20756_cal-ID-1,Ca,1,20756_cal-ID-1
4464,82849_hva-ID-1,Ca,1,82849_hva-ID-1
4478,112546_can2-ID-1,Ca,1,112546_can2-ID-1
4480,112546_cal2-ID-1,Ca,1,112546_cal2-ID-1
4528,151482_can2-ID-1,Ca,1,151482_can2-ID-1
4539,35358_cal-ID-1,Ca,1,35358_cal-ID-1
4567,84589_cat-ID-1,Ca,1,84589_cat-ID-1
4570,84589_car-ID-1,Ca,1,84589_car-ID-1
4578,84589_can-ID-1,Ca,1,84589_can-ID-1
4580,84589_cal-ID-1,Ca,1,84589_cal-ID-1
4585,141273_cat-ID-1,Ca,1,141273_cat-ID-1
4631,144502_stoca-ID-1,Ca,1,144502_stoca-ID-1
4657,117207_CaT-ID-1,Ca,1,117207_CaT-ID-1
4682,20212_calH-ID-2,Ca,1,20212_calH-ID-2
4685,20212_cat-ID-2,Ca,1,20212_cat-ID-2
4687,20212_it-ID-1,Ca,1,20212_it-ID-1
4688,20212_can2-ID-1,Ca,1,20212_can2-ID-1
4689,20212_My_cat-ID-1,Ca,1,20212_My_cat-ID-1
4693,20212_cachan-ID-1,Ca,1,20212_cachan-ID-1
4694,20212_Myca-ID-1,Ca,1,20212_Myca-ID-1
4706,20212_ourca_old-ID-1,Ca,1,20212_ourca_old-ID-1
4710,20212_My_can-ID-1,Ca,1,20212_My_can-ID-1
4711,20212_My_cal-ID-1,Ca,1,20212_My_cal-ID-1
4713,20212_canKev-ID-1,Ca,1,20212_canKev-ID-1
4715,20212_it1-ID-1,Ca,1,20212_it1-ID-1
4716,20212_cal-ID-2,Ca,1,20212_cal-ID-2
4806,150551_cat-ID-1,Ca,1,150551_cat-ID-1
4809,150551_caltype-ID-1,Ca,1,150551_caltype-ID-1