# ion_class=Ih, nodes=128, copies_total=380
node_id,name,ion_class,copies,unique_ids
129,123815_hNa-ID-1,Ih,5,123815_hNa-ID-1;157157_hNa-ID-1;181967_hNa-ID-1;246546_hNa-ID-1;256311_hNa-ID-1
136,20212_h-ID-1,Ih,5,20212_h-ID-1;113732_h-ID-1;144490_h-ID-2;206244_h-ID-1;157157_h-ID-1
145,28316_Ih-ID-1,Ih,8,28316_Ih-ID-1;123815_Ih-ID-1;151126_Ih-ID-1;157157_Ih-ID-1;181967_Ih-ID-1;256388_Ih-ID-1;246546_Ih-ID-1;256311_Ih-ID-1
203,95870_hyper-ID-1,Ih,2,95870_hyper-ID-1;267646_Rod_hyper-ID-1
274,144089_h-ID-1,Ih,6,144089_h-ID-1;155057_h-ID-1;168310_h-ID-1;230811_h-ID-1;237595_h-ID-1;237595_h-ID-2
288,44050_h-ID-1,Ih,27,44050_h-ID-1;32992_h-ID-1;55035_h-ID-1;97874_h-ID-1;71312_h-ID-1;87535_h-ID-1;106551_h-ID-1;119283_h-ID-1;140828_h-ID-1;138205_h-ID-1;144976_h-ID-1;146376_h-ID-1;146509_h-ID-1;148644_h-ID-1;150288_h-ID-1;154732_h-ID-1;151731_h-ID-1;206378_h-ID-1;148646_h-ID-1;170030_h-ID-1;157339_h-ID-1;190559_h-ID-1;223962_h-ID-1;244922_h-ID-1;225075_h-ID-1;244848_h-ID-1;244412_h-ID-1
322,80769_Ih-ID-1,Ih,1,80769_Ih-ID-1
339,151460_Ih-ID-1,Ih,1,151460_Ih-ID-1
461,97917_ar-ID-1,Ih,3,97917_ar-ID-1;144579_ar-ID-1;244262_ar-ID-1
481,51781_hyperde3-ID-1,Ih,7,51781_hyperde3-ID-1;124513_hyperde3-ID-1;97917_hyperde3-ID-1;155602_hyperde3-ID-1;155601_hyperde3-ID-1;155568_hyperde3-ID-1;181967_hyperde3-ID-1
488,144541_h-ID-1,Ih,2,144541_h-ID-1;222359_h-ID-1
492,118098_hca3-ID-1,Ih,1,118098_hca3-ID-1
604,20007_KhdM01-ID-1,Ih,2,20007_KhdM01-ID-1;184139_KhdM01-ID-1
637,19176_hcn2-ID-1,Ih,1,19176_hcn2-ID-1
648,169457_Ih-ID-1,Ih,9,169457_Ih-ID-1;187615_Ih-ID-1;187474_Ih-ID-3;187474_Ih-ID-2;237469_Ih-ID-2;187474_Ih-ID-1;237469_Ih-ID-1;249463_Ih-ID-1;267293_Ih-ID-1
675,144523_TNC-ID-1,Ih,4,144523_TNC-ID-1;150024_TNC-ID-1;185513_TNC-ID-1;267189_TNC-ID-1
686,144523_h-ID-1,Ih,4,144523_h-ID-1;150024_h-ID-1;185513_h-ID-1;267189_h-ID-1
741,3677_iqq-ID-1,Ih,3,3677_iqq-ID-1;7907_iqq-ID-1;7907_iqq-ID-2
770,119266_h-ID-1,Ih,1,119266_h-ID-1
933,139657_sjg_ih-ID-1,Ih,1,139657_sjg_ih-ID-1
952,102288_Ih-ID-1,Ih,1,102288_Ih-ID-1
974,97860_hcn_siegelbaum-ID-1,Ih,1,97860_hcn_siegelbaum-ID-1
1028,123815_h-ID-1,Ih,4,123815_h-ID-1;181967_h-ID-1;246546_h-ID-1;256311_h-ID-1
1088,87454_ih-ID-1,Ih,1,87454_ih-ID-1
1124,168858_hcurrent-ID-1,Ih,1,168858_hcurrent-ID-1
1155,150239_hcn-ID-1,Ih,3,150239_hcn-ID-1;266797_hcn-ID-2;266797_hcn-ID-1
1183,53876_h-ID-1,Ih,1,53876_h-ID-1
1189,2937_iq-ID-1,Ih,1,2937_iq-ID-1
1206,149100_Ih-ID-1,Ih,76,149100_Ih-ID-1;180373_Ih-ID-2;180373_Ih-ID-1;156780_Ih-ID-1;225311_Ih-ID-1;224923_Ih-ID-1;231427_Ih-ID-1;229276_Ih-ID-1;230326_Ih-ID-1;241165_Ih-ID-9;241165_Ih-ID-22;241165_Ih-ID-18;241165_Ih-ID-14;241165_Ih-ID-25;241165_Ih-ID-2;241165_Ih-ID-21;241165_Ih-ID-8;241165_Ih-ID-24;241165_Ih-ID-16;241165_Ih-ID-6;241165_Ih-ID-4;241165_Ih-ID-3;241165_Ih-ID-13;241165_Ih-ID-17;241165_Ih-ID-19;241165_Ih-ID-20;241165_Ih-ID-7;241165_Ih-ID-10;241165_Ih-ID-1;241165_Ih-ID-26;241165_Ih-ID-11;241165_Ih-ID-5;241165_Ih-ID-12;241165_Ih-ID-15;241165_Ih-ID-23;251493_Ih-ID-1;264834_Ih-ID-1;261460_Ih-ID-1;260971_Ih-ID-5;239145_Ih-ID-1;260971_Ih-ID-3;260971_Ih-ID-2;260971_Ih-ID-4;260971_Ih-ID-1;260971_Ih-ID-6;267067_Ih-ID-2;266851_Ih-ID-1;267067_Ih-ID-1;267691_Ih-ID-8;267691_Ih-ID-10;267691_Ih-ID-22;267691_Ih-ID-9;267691_Ih-ID-1;267691_Ih-ID-4;267691_Ih-ID-12;267691_Ih-ID-26;267691_Ih-ID-14;267691_Ih-ID-25;267691_Ih-ID-13;267691_Ih-ID-23;267691_Ih-ID-19;267691_Ih-ID-20;267691_Ih-ID-17;267691_Ih-ID-6;267384_Ih-ID-1;267691_Ih-ID-2;267691_Ih-ID-11;267691_Ih-ID-21;267691_Ih-ID-24;267691_Ih-ID-3;267691_Ih-ID-18;267691_Ih-ID-7;267691_Ih-ID-16;267691_Ih-ID-5;267691_Ih-ID-15;267511_Ih-ID-1
1208,82364_h-ID-1,Ih,2,82364_h-ID-1;135898_h-ID-1
1246,112685_Golgi_hcn1-ID-1,Ih,3,112685_Golgi_hcn1-ID-1;127021_Golgi_hcn1-ID-1;139656_Golgi_hcn1-ID-1
1250,112685_Golgi_hcn2-ID-1,Ih,3,112685_Golgi_hcn2-ID-1;127021_Golgi_hcn2-ID-1;139656_Golgi_hcn2-ID-1
1277,144450_h-ID-1,Ih,1,144450_h-ID-1
1299,151126_h-ID-1,Ih,2,151126_h-ID-1;256388_h-ID-1
1311,112359_IhDA-ID-1,Ih,2,112359_IhDA-ID-1;185330_IhDA-ID-1
1316,19696_h-ID-1,Ih,2,19696_h-ID-1;121259_h-ID-1
1319,64229_hyperde3-ID-1,Ih,2,64229_hyperde3-ID-1;149174_hyperde3-ID-1
1380,153280_ch_HCNp-ID-1,Ih,1,153280_ch_HCNp-ID-1
1405,185355_HCN-ID-1,Ih,1,185355_HCN-ID-1
1484,180789_hpkj-ID-1,Ih,2,180789_hpkj-ID-1;266578_hpkj-ID-1
1495,180789_cha-ID-1,Ih,2,180789_cha-ID-1;266578_cha-ID-1
1541,168310_hin-ID-1,Ih,9,168310_hin-ID-1;237595_hin-ID-1;237595_hin-ID-2;266851_hin-ID-1;266851_hin-ID-3;266851_hin-ID-4;266851_hin-ID-2;260015_hin-ID-1;267511_hin-ID-1
1677,7659_h-ID-1,Ih,1,7659_h-ID-1
1764,114394_h-ID-1,Ih,2,114394_h-ID-1;266851_h-ID-1
1774,187615_ih-ID-1,Ih,2,187615_ih-ID-1;249463_ih-ID-1
1782,140249_iar-ID-1,Ih,2,140249_iar-ID-1;156039_iar-ID-1
1833,64228_h-ID-1,Ih,1,64228_h-ID-1
1889,155735_ihpkj_cn-ID-1,Ih,1,155735_ihpkj_cn-ID-1
1890,48332_ihpkj-ID-1,Ih,2,48332_ihpkj-ID-1;155735_ihpkj-ID-1
1940,156120_h_chann-ID-1,Ih,2,156120_h_chann-ID-1;186977_h_chann-ID-2
1972,147867_h-ID-1,Ih,1,147867_h-ID-1
2015,20756_ar-ID-1,Ih,5,20756_ar-ID-1;113732_ar-ID-1;136803_ar-ID-1;144482_ar-ID-1;151685_ar-ID-1
2048,124063_Cone_ih-ID-1,Ih,2,124063_Cone_ih-ID-1;267646_Cone_ih-ID-1
2053,124063_Bip_ih-ID-1,Ih,2,124063_Bip_ih-ID-1;267646_Bip_ih-ID-1
2106,135902_ihpyrkop-ID-1,Ih,7,135902_ihpyrkop-ID-1;135903_ihpyrkop-ID-1;139421_ihpyrkop-ID-1;182134_ihpyrkop-ID-1;186768_ihpyrkop-ID-1;230861_ihpyrkop-ID-1;258738_ihpyrkop-ID-1
2109,135902_iholmkop-ID-1,Ih,7,135902_iholmkop-ID-1;139421_iholmkop-ID-1;135903_iholmkop-ID-1;182134_iholmkop-ID-1;186768_iholmkop-ID-1;230861_iholmkop-ID-1;258738_iholmkop-ID-1
2111,139421_iholmw-ID-1,Ih,2,139421_iholmw-ID-1;186768_iholmw-ID-1
2118,139421_CA1ih-ID-1,Ih,2,139421_CA1ih-ID-1;186768_CA1ih-ID-1
2135,64216_h-ID-1,Ih,1,64216_h-ID-1
2186,149739_hpg-ID-1,Ih,3,149739_hpg-ID-1;183300_hpg-ID-1;232097_hpg-ID-1
2215,101629_h-ID-1,Ih,8,101629_h-ID-1;112546_h-ID-1;118986_h-ID-1;137259_h-ID-1;126814_h-ID-1;144392_h-ID-1;148094_h-ID-1;223649_h-ID-3
2259,116983_h-ID-1,Ih,1,116983_h-ID-1
2288,115356_h-ID-1,Ih,3,115356_h-ID-1;123927_h-ID-1;125152_h-ID-1
2342,135902_iholmw-ID-1,Ih,4,135902_iholmw-ID-1;135903_iholmw-ID-1;182134_iholmw-ID-1;230861_iholmw-ID-1
2346,135902_CA1ih-ID-1,Ih,4,135902_CA1ih-ID-1;135903_CA1ih-ID-1;182134_ca1ih-ID-1;230861_ca1ih-ID-1
2368,143671_ghchan-ID-1,Ih,2,143671_ghchan-ID-1;180370_ghchan-ID-1
2398,64296_Ih-ID-1,Ih,3,64296_Ih-ID-1;183300_Ih-ID-1;223649_Ih-ID-1
2503,123453_HCN-ID-1,Ih,1,123453_HCN-ID-1
2518,150538_h-ID-1,Ih,1,150538_h-ID-1
2581,183949_ghchan-ID-1,Ih,2,183949_ghchan-ID-1;217882_ghchan-ID-1
2594,151825_ih-ID-1,Ih,1,151825_ih-ID-1
2602,64195_ih_stochastic-ID-1,Ih,1,64195_ih_stochastic-ID-1
2607,64195_ih-ID-1,Ih,2,64195_ih-ID-1;124043_ih-ID-1
2609,124043_h2-ID-1,Ih,1,124043_h2-ID-1
2614,124043_h-ID-1,Ih,2,124043_h-ID-1;146565_h-ID-1
2651,185858_Ih-ID-1,Ih,1,185858_Ih-ID-1
2662,114685_HCN-ID-1,Ih,1,114685_HCN-ID-1
2674,151282_iholmw-ID-1,Ih,2,151282_iholmw-ID-1;258738_iholmw-ID-1
2675,151282_CA3ih-ID-1,Ih,2,151282_CA3ih-ID-1;258738_CA1ih-ID-1
2676,151282_HCN1-ID-1,Ih,2,151282_HCN1-ID-1;258738_HCN1-ID-1
2678,126776_h-ID-1,Ih,1,126776_h-ID-1
2725,19591_h_chan-ID-1,Ih,1,19591_h_chan-ID-1
2785,3332_hcno-ID-1,Ih,2,3332_hcno-ID-1;37857_hcno-ID-1
2802,144526_h-ID-1,Ih,22,144526_h-ID-1;223955_h-ID-12;223955_h-ID-2;223955_h-ID-11;223955_h-ID-17;223955_h-ID-8;223955_h-ID-5;223955_h-ID-1;223955_h-ID-3;223955_h-ID-4;223955_h-ID-10;223955_h-ID-19;223955_h-ID-14;223955_h-ID-13;223955_h-ID-18;223955_h-ID-9;223955_h-ID-6;223955_h-ID-16;223955_h-ID-7;223955_h-ID-20;223955_h-ID-15;267355_h-ID-1
2811,147578_h-ID-1,Ih,2,147578_h-ID-1;147539_h-ID-1
2886,168310_hcb-ID-1,Ih,3,168310_hcb-ID-1;237595_hcb-ID-1;237595_hcb-ID-2
2946,108459_h-ID-1,Ih,1,108459_h-ID-1
2973,146026_h-ID-1,Ih,1,146026_h-ID-1
2985,147538_h-ID-1,Ih,1,147538_h-ID-1
2989,144520_if-ID-1,Ih,1,144520_if-ID-1
3071,141063_ih-ID-1,Ih,1,141063_ih-ID-1
3111,124063_Rod_ih-ID-1,Ih,1,124063_Rod_ih-ID-1
3130,93321_h-ID-1,Ih,1,93321_h-ID-1
3152,143719_h-ID-1,Ih,2,143719_h-ID-1;147757_h-ID-1
3158,19746_L98NCh-ID-1,Ih,1,19746_L98NCh-ID-1
3165,144589_h-ID-1,Ih,1,144589_h-ID-1
3269,105385_hcn12_gp-ID-1,Ih,1,105385_hcn12_gp-ID-1
3270,105385_hcn2_gp-ID-1,Ih,1,105385_hcn2_gp-ID-1
3299,143100_HCN-ID-1,Ih,2,143100_HCN-ID-1;267669_HCN-ID-1
3336,181967_h2-ID-1,Ih,1,181967_h2-ID-1
3430,186977_h_chann-ID-1,Ih,1,186977_h_chann-ID-1
3446,121259_h2-ID-1,Ih,1,121259_h2-ID-1
3483,144490_h-ID-1,Ih,1,144490_h-ID-1
3573,139653_Ih-ID-1,Ih,1,139653_Ih-ID-1
3632,3684_htc-ID-1,Ih,1,3684_htc-ID-1
3699,74298_Ih-ID-1,Ih,1,74298_Ih-ID-1
3791,9769_h-ID-1,Ih,1,9769_h-ID-1
3824,140828_ar-ID-1,Ih,1,140828_ar-ID-1
3959,114355_G_h-ID-1,Ih,2,114355_G_h-ID-1;114355_G_h-ID-2
4000,155796_ih-ID-1,Ih,1,155796_ih-ID-1
4074,116862_ntIh-ID-1,Ih,2,116862_ntIh-ID-1;136095_ntIh-ID-1
4094,53869_ih_VCN2003-ID-1,Ih,1,53869_ih_VCN2003-ID-1
4098,98005_hcn2_ch-ID-1,Ih,1,98005_hcn2_ch-ID-1
4099,98005_hcn12_ch-ID-1,Ih,1,98005_hcn12_ch-ID-1
4115,182797_Ih-ID-1,Ih,1,182797_Ih-ID-1
4152,87284_h-ID-1,Ih,1,87284_h-ID-1
4194,136095_H-ID-1,Ih,1,136095_H-ID-1
4290,3665_hpg-ID-1,Ih,1,3665_hpg-ID-1
4302,8284_hyperso-ID-1,Ih,1,8284_hyperso-ID-1
4304,8284_hyperde3-ID-1,Ih,1,8284_hyperde3-ID-1
4305,8284_hyperde2-ID-1,Ih,1,8284_hyperde2-ID-1
4306,8284_hyperde1-ID-1,Ih,1,8284_hyperde1-ID-1
4502,122329_hcn12_gp-ID-1,Ih,1,122329_hcn12_gp-ID-1
4503,122329_hcn2_gp-ID-1,Ih,1,122329_hcn2_gp-ID-1
4544,37857_ih-ID-1,Ih,1,37857_ih-ID-1
4586,141273_ar-ID-1,Ih,1,141273_ar-ID-1
4680,20212_iq-ID-1,Ih,1,20212_iq-ID-1
4703,20212_h-ID-2,Ih,1,20212_h-ID-2