# ion_class=K, nodes=619, copies_total=2048
node_id,name,ion_class,copies,unique_ids
22,43039_kdrmt-ID-1,K,5,43039_kdrmt-ID-1;50210_kdrmt-ID-1;114665_kdrmt-ID-1;97263_kdrmt-ID-1;149415_kdrmt-ID-1
23,50210_kamt-ID-1,K,8,50210_kamt-ID-1;43039_kamt-ID-1;114665_kamt-ID-1;87546_kamt-ID-1;97263_kamt-ID-1;149415_kamt-ID-1;170030_kamt-ID-1;244687_kamt-ID-1
27,184337_K_T-ID-1,K,50,184337_K_T-ID-1;184341_K_T-ID-1;184308_K_T-ID-1;184346_K_T-ID-1;184352_K_T-ID-1;184186_K_T-ID-1;184152_K_T-ID-1;184178_K_T-ID-1;184316_K_T-ID-1;184314_K_T-ID-1;184180_K_T-ID-1;184274_K_T-ID-1;184323_K_T-ID-1;184319_K_T-ID-1;184182_K_T-ID-1;184314_K_T-ID-2;184297_K_T-ID-1;184166_K_T-ID-1;184176_K_T-ID-1;184335_K_T-ID-1;184305_K_T-ID-1;184173_K_T-ID-1;184142_K_T-ID-1;184321_K_T-ID-1;184171_K_T-ID-1;184163_K_T-ID-1;184159_K_T-ID-1;184196_K_T-ID-1;184299_K_T-ID-1;184350_K_T-ID-1;184348_K_T-ID-1;184329_K_T-ID-1;184303_K_T-ID-1;184310_K_T-ID-1;184157_K_T-ID-1;184325_K_T-ID-1;184148_K_T-ID-1;184184_K_T-ID-1;184301_K_T-ID-1;184344_K_T-ID-1;184168_K_T-ID-1;184231_K_T-ID-1;184331_K_T-ID-1;184327_K_T-ID-1;184312_K_T-ID-1;184161_K_T-ID-1;184339_K_T-ID-1;184333_K_T-ID-1;184145_K_T-ID-1;184202_K_T-ID-1
32,184327_K_P-ID-1,K,50,184327_K_P-ID-1;184303_K_P-ID-1;184152_K_P-ID-1;184308_K_P-ID-1;184319_K_P-ID-1;184171_K_P-ID-1;184339_K_P-ID-1;184202_K_P-ID-1;184341_K_P-ID-1;184337_K_P-ID-1;184310_K_P-ID-1;184325_K_P-ID-1;184168_K_P-ID-1;184161_K_P-ID-1;184196_K_P-ID-1;184186_K_P-ID-1;184180_K_P-ID-1;184352_K_P-ID-1;184329_K_P-ID-1;184333_K_P-ID-1;184159_K_P-ID-1;184301_K_P-ID-1;184148_K_P-ID-1;184348_K_P-ID-1;184344_K_P-ID-1;184314_K_P-ID-2;184184_K_P-ID-1;184331_K_P-ID-1;184173_K_P-ID-1;184142_K_P-ID-1;184145_K_P-ID-1;184350_K_P-ID-1;184182_K_P-ID-1;184299_K_P-ID-1;184163_K_P-ID-1;184314_K_P-ID-1;184346_K_P-ID-1;184297_K_P-ID-1;184176_K_P-ID-1;184157_K_P-ID-1;184335_K_P-ID-1;184321_K_P-ID-1;184305_K_P-ID-1;184274_K_P-ID-1;184323_K_P-ID-1;184231_K_P-ID-1;184316_K_P-ID-1;184312_K_P-ID-1;184178_K_P-ID-1;184166_K_P-ID-1
34,184319_Im_v2-ID-1,K,50,184319_Im_v2-ID-1;184352_Im_v2-ID-1;184316_Im_v2-ID-1;184299_Im_v2-ID-1;184142_Im_v2-ID-1;184152_Im_v2-ID-1;184323_Im_v2-ID-1;184325_Im_v2-ID-1;184341_Im_v2-ID-1;184339_Im_v2-ID-1;184157_Im_v2-ID-1;184161_Im_v2-ID-1;184303_Im_v2-ID-1;184312_Im_v2-ID-1;184305_Im_v2-ID-1;184159_Im_v2-ID-1;184168_Im_v2-ID-1;184163_Im_v2-ID-1;184329_Im_v2-ID-1;184308_Im_v2-ID-1;184173_Im_v2-ID-1;184274_Im_v2-ID-1;184148_Im_v2-ID-1;184337_Im_v2-ID-1;184301_Im_v2-ID-1;184166_Im_v2-ID-1;184182_Im_v2-ID-1;184178_Im_v2-ID-1;184344_Im_v2-ID-1;184348_Im_v2-ID-1;184186_Im_v2-ID-1;184171_Im_v2-ID-1;184327_Im_v2-ID-1;184184_Im_v2-ID-1;184145_Im_v2-ID-1;184314_Im_v2-ID-2;184196_Im_v2-ID-1;184176_Im_v2-ID-1;184310_Im_v2-ID-1;184346_Im_v2-ID-1;184180_Im_v2-ID-1;184335_Im_v2-ID-1;184231_Im_v2-ID-1;184321_Im_v2-ID-1;184297_Im_v2-ID-1;184333_Im_v2-ID-1;184202_Im_v2-ID-1;184314_Im_v2-ID-1;184331_Im_v2-ID-1;184350_Im_v2-ID-1
39,184331_Kv2like-ID-1,K,50,184331_Kv2like-ID-1;184310_Kv2like-ID-1;184184_Kv2like-ID-1;184352_Kv2like-ID-1;184301_Kv2like-ID-1;184161_Kv2like-ID-1;184152_Kv2like-ID-1;184350_Kv2like-ID-1;184325_Kv2like-ID-1;184348_Kv2like-ID-1;184335_Kv2like-ID-1;184202_Kv2like-ID-1;184341_Kv2like-ID-1;184157_Kv2like-ID-1;184163_Kv2like-ID-1;184346_Kv2like-ID-1;184316_Kv2like-ID-1;184337_Kv2like-ID-1;184171_Kv2like-ID-1;184299_Kv2like-ID-1;184166_Kv2like-ID-1;184319_Kv2like-ID-1;184176_Kv2like-ID-1;184159_Kv2like-ID-1;184173_Kv2like-ID-1;184327_Kv2like-ID-1;184180_Kv2like-ID-1;184274_Kv2like-ID-1;184333_Kv2like-ID-1;184314_Kv2like-ID-2;184297_Kv2like-ID-1;184314_Kv2like-ID-1;184308_Kv2like-ID-1;184142_Kv2like-ID-1;184145_Kv2like-ID-1;184148_Kv2like-ID-1;184339_Kv2like-ID-1;184323_Kv2like-ID-1;184186_Kv2like-ID-1;184178_Kv2like-ID-1;184305_Kv2like-ID-1;184303_Kv2like-ID-1;184196_Kv2like-ID-1;184231_Kv2like-ID-1;184329_Kv2like-ID-1;184168_Kv2like-ID-1;184344_Kv2like-ID-1;184312_Kv2like-ID-1;184182_Kv2like-ID-1;184321_Kv2like-ID-1
40,184329_Im-ID-1,K,50,184329_Im-ID-1;184346_Im-ID-1;184321_Im-ID-1;184314_Im-ID-1;184314_Im-ID-2;184157_Im-ID-1;184299_Im-ID-1;184231_Im-ID-1;184196_Im-ID-1;184173_Im-ID-1;184142_Im-ID-1;184333_Im-ID-1;184352_Im-ID-1;184180_Im-ID-1;184303_Im-ID-1;184176_Im-ID-1;184339_Im-ID-1;184316_Im-ID-1;184331_Im-ID-1;184308_Im-ID-1;184186_Im-ID-1;184145_Im-ID-1;184159_Im-ID-1;184301_Im-ID-1;184166_Im-ID-1;184327_Im-ID-1;184341_Im-ID-1;184148_Im-ID-1;184184_Im-ID-1;184350_Im-ID-1;184305_Im-ID-1;184297_Im-ID-1;184312_Im-ID-1;184325_Im-ID-1;184335_Im-ID-1;184310_Im-ID-1;184319_Im-ID-1;184163_Im-ID-1;184348_Im-ID-1;184171_Im-ID-1;184274_Im-ID-1;184152_Im-ID-1;184337_Im-ID-1;184161_Im-ID-1;184202_Im-ID-1;184323_Im-ID-1;184178_Im-ID-1;184182_Im-ID-1;184168_Im-ID-1;184344_Im-ID-1
59,7399_kdr-ID-1,K,2,7399_kdr-ID-1;7400_kdr-ID-1
106,20212_km-ID-1,K,10,20212_km-ID-1;123815_km-ID-1;124043_km-ID-1;144490_km-ID-2;144089_km-ID-1;157157_km-ID-1;206244_km-ID-1;181967_km-ID-1;246546_km-ID-1;256311_km-ID-1
107,51781_bgka-ID-1,K,15,51781_bgka-ID-1;64229_bgka-ID-1;124513_bgka-ID-1;97917_bgka-ID-1;123815_bgka-ID-1;149174_bgka-ID-1;155602_bgka-ID-1;155601_bgka-ID-1;151126_bgka-ID-1;155568_bgka-ID-1;157157_bgka-ID-1;181967_bgka-ID-1;256388_bgka-ID-1;246546_bgka-ID-1;256311_bgka-ID-1
120,123815_Kaxon-ID-1,K,5,123815_Kaxon-ID-1;151126_Kaxon-ID-1;181967_Kaxon-ID-1;157157_Kaxon-ID-1;256388_Kaxon-ID-1
123,123815_ichan2-ID-1,K,5,123815_ichan2-ID-1;151126_ichan2-ID-1;181967_ichan2-ID-1;157157_ichan2-ID-1;256388_ichan2-ID-1
128,123815_Kdend-ID-1,K,5,123815_Kdend-ID-1;151126_Kdend-ID-1;181967_Kdend-ID-1;157157_Kdend-ID-1;256388_Kdend-ID-1
132,20212_hha2-ID-1,K,6,20212_hha2-ID-1;123815_hha2-ID-1;144490_hha2-ID-2;181967_hha2-ID-1;206244_hha2-ID-1;157157_hha2-ID-1
133,20212_hha_old-ID-1,K,8,20212_hha_old-ID-1;123815_hha_old-ID-1;144490_hha_old-ID-2;206244_hha_old-ID-1;157157_hha_old-ID-1;181967_hha_old-ID-1;246546_hha_old-ID-1;256311_hha_old-ID-1
137,20212_kaprox-ID-1,K,5,20212_kaprox-ID-1;144490_kaprox-ID-2;157157_kaprox-ID-1;206244_kaprox-ID-1;267176_kaprox-ID-1
142,123815_Ksoma-ID-1,K,5,123815_Ksoma-ID-1;151126_Ksoma-ID-1;157157_Ksoma-ID-1;181967_Ksoma-ID-1;256388_Ksoma-ID-1
144,20212_kadist-ID-1,K,4,20212_kadist-ID-1;144490_kadist-ID-2;157157_kadist-ID-1;206244_kadist-ID-1
166,3810_AXNODE-ID-1,K,14,3810_AXNODE-ID-1;263988_AXNODE-ID-5;263988_AXNODE-ID-8;263988_AXNODE-ID-6;263988_AXNODE-ID-7;263988_AXNODE-ID-3;263988_AXNODE-ID-2;263988_AXNODE-ID-4;263988_AXNODE-ID-9;263988_AXNODE-ID-11;263988_AXNODE-ID-1;263988_AXNODE-ID-12;263988_AXNODE-ID-10;267618_AXNODE-ID-1
180,222321_km-ID-1,K,1,222321_km-ID-1
185,222321_ikdrd-ID-1,K,1,222321_ikdrd-ID-1
186,222321_ikdrs-ID-1,K,1,222321_ikdrs-ID-1
191,222321_pkdrs-ID-1,K,1,222321_pkdrs-ID-1
192,222321_pkdrd-ID-1,K,1,222321_pkdrd-ID-1
200,95870_Kx-ID-1,K,3,95870_Kx-ID-1;64228_Kx-ID-1;267646_Rod_Kx-ID-1
207,95870_Kv-ID-1,K,3,95870_Kv-ID-1;64216_Kv-ID-1;267646_Rod_Kv-ID-1
235,62285_KDR-ID-1,K,2,62285_KDR-ID-1;62284_KDR-ID-1
236,62284_KDRI-ID-1,K,2,62284_KDRI-ID-1;62285_KDRI-ID-1
237,62285_B_DR-ID-1,K,2,62285_B_DR-ID-1;62284_B_DR-ID-1
238,62284_B_A-ID-1,K,2,62284_B_A-ID-1;62285_B_A-ID-1
243,229585_Kv11-ID-1,K,9,229585_Kv11-ID-1;239421_Kv11-ID-1;265584_Kv11-ID-4;265584_Kv11-ID-3;266806_Kv11-ID-1;266806_Kv11-ID-2;265584_Kv11-ID-1;265584_Kv11-ID-2;267189_Kv11-ID-1
247,116835_GRC_KM-ID-1,K,11,116835_GRC_KM-ID-1;139883_GRC_KM-ID-1;139656_GRC_KM-ID-1;206267_GRC_KM-ID-1;265584_GRC_KM-ID-1;265584_GRC_KM-ID-3;265584_GRC_KM-ID-4;266806_GRC_KM-ID-1;266806_GRC_KM-ID-2;265584_GRC_KM-ID-2;267189_GRC_KM-ID-1
249,229585_Kv43-ID-1,K,9,229585_Kv43-ID-1;239421_Kv43-ID-1;265584_Kv43-ID-3;265584_Kv43-ID-2;265584_Kv43-ID-4;266806_Kv43-ID-2;265584_Kv43-ID-1;266806_Kv43-ID-1;267189_Kv43-ID-1
253,229585_Kv34-ID-1,K,9,229585_Kv34-ID-1;239421_Kv34-ID-1;265584_Kv34-ID-1;266806_Kv34-ID-1;266806_Kv34-ID-2;265584_Kv34-ID-2;265584_Kv34-ID-4;265584_Kv34-ID-3;267189_Kv34-ID-1
263,230811_iks_in-ID-1,K,1,230811_iks_in-ID-1
273,144089_kdrD-ID-1,K,2,144089_kdrD-ID-1;230811_kdrD-ID-1
281,144089_kd-ID-1,K,2,144089_kd-ID-1;230811_kd-ID-1
283,144450_kadist-ID-1,K,3,144450_kadist-ID-1;144089_kadist-ID-1;230811_kadist-ID-1
289,2796_kaprox-ID-1,K,55,2796_kaprox-ID-1;3167_kaprox-ID-1;7386_kaprox-ID-1;9769_kaprox-ID-1;19696_kaprox-ID-1;44050_kaprox-ID-1;32992_kaprox-ID-1;55035_kaprox-ID-1;64195_ka-ID-1;97874_kaprox-ID-1;71312_kaprox-ID-1;106551_kaprox-ID-1;112546_kaprox-ID-1;119283_kaprox-ID-1;87535_kaprox-ID-1;117207_kaprox-ID-1;118986_kaprox-ID-1;124043_kap-ID-1;121259_kaprox-ID-1;87284_kaprox-ID-1;126776_kaprox-ID-1;144392_kaprox-ID-1;138205_kaprox-ID-1;144976_kaprox-ID-1;146376_kaprox-ID-1;145672_migliore_kaprox-ID-1;148094_kaprox-ID-1;148644_kaprox-ID-1;146509_kaprox-ID-1;150551_kaprox-ID-1;150288_kaprox-ID-1;144589_kaprox-ID-1;151482_kaprox-ID-1;154732_kaprox-ID-1;151731_kaprox-ID-1;170030_kaprox-ID-1;157339_kaprox-ID-1;148646_kaprox-ID-1;206378_kaprox-ID-1;190559_kaprox-ID-1;223962_kaprox-ID-1;187603_kap-ID-1;234241_kap-ID-1;244688_kaprox-ID-1;244848_kaprox-ID-1;244412_kaprox-ID-1;245417_kaprox-ID-1;257027_kaprox-ID-1;266851_kaprox-ID-2;266851_kaprox-ID-1;267742_kaprox-ID-1;267686_kaprox-ID-1;249705_kaprox-ID-1;267307_kaprox-ID-1;266901_kaprox-ID-1
290,2796_kdrca1-ID-1,K,51,2796_kdrca1-ID-1;3167_kdrca1-ID-1;9769_kdrca1-ID-1;7386_kdrca1-ID-1;19696_kdrca1-ID-1;32992_kdrca1-ID-1;55035_kdrca1-ID-1;64212_kdr-ID-1;71312_kdrca1-ID-1;87535_kdrca1-ID-1;112546_kdrca1-ID-1;119283_kdrca1-ID-1;106551_kdrca1-ID-1;121259_kdrca1-ID-1;118986_kdrca1-ID-1;147538_kdrca1-ID-1;87284_kdrca1-ID-1;126776_kdrca1-ID-1;144392_kdrca1-ID-1;138205_kdrca1-ID-1;144976_kdrca1-ID-1;143719_kdr-ID-1;146376_kdrca1-ID-1;145672_migliore_kdrca1-ID-1;148094_kdrca1-ID-1;150288_kdrca1-ID-1;148644_kdrca1-ID-1;147757_kdr-ID-1;150551_kdrca1-ID-1;146509_kdrca1-ID-1;144589_kdrca1-ID-1;151731_kdrca1-ID-1;154732_kdrca1-ID-1;157339_kdrca1-ID-1;148646_kdrca1-ID-1;206378_kdrca1-ID-1;170030_kdrca1-ID-1;223962_kdrca1-ID-1;187603_kdrca1-ID-1;190559_kdrca1-ID-1;234241_kdrca1-ID-1;244688_kdrca1-ID-1;244848_kdrca1-ID-1;244412_kdrca1-ID-1;245417_kdrca1-ID-1;257027_kdrca1-ID-1;185864_kdrca1-ID-1;267686_kdrca1-ID-1;267742_kdrca1-ID-1;267307_kdrca1-ID-1;266901_kdrca1-ID-1
292,2796_kadist-ID-1,K,44,2796_kadist-ID-1;9769_kadist-ID-1;7386_kadist-ID-1;44050_kadist-ID-1;32992_kadist-ID-1;55035_kadist-ID-1;71312_kadist-ID-1;97874_kadist-ID-1;87535_kadist-ID-1;112546_kadist-ID-1;119283_kadist-ID-1;106551_kadist-ID-1;118986_kadist-ID-1;137259_kadist-ID-1;147538_kadist-ID-1;126776_kadist-ID-1;138205_kadist-ID-1;144392_kadist-ID-1;146376_kadist-ID-1;144976_kadist-ID-1;146509_kadist-ID-1;150551_kadist-ID-1;144589_kadist-ID-1;148644_kadist-ID-1;150288_kadist-ID-1;148094_kadist-ID-1;154732_kadist-ID-1;151482_kadist-ID-1;151731_kadist-ID-1;157339_kadist-ID-1;148646_kadist-ID-1;206378_kadist-ID-1;170030_kadist-ID-1;223962_kadist-ID-1;190559_kadist-ID-1;223649_kadist-ID-1;244848_kadist-ID-1;244688_kadist-ID-1;244412_kadist-ID-1;257027_kadist-ID-1;267742_kad-ID-1;267686_kadist-ID-1;267307_kadist-ID-1;266901_kad-ID-1
295,222716_kdr-ID-1,K,2,222716_kdr-ID-1;222726_kdrca1-ID-1
296,222716_kaprox-ID-1,K,2,222716_kaprox-ID-1;222726_kaprox-ID-1
301,222716_kadist-ID-1,K,2,222716_kadist-ID-1;222726_kadist-ID-1
314,80769_Kv4-ID-1,K,1,80769_Kv4-ID-1
316,80769_Kv1-ID-1,K,6,80769_Kv1-ID-1;249404_Kv1-ID-1;136715_Kv1-ID-1;267599_kv1-ID-2;267599_kv1-ID-1;267140_kv1-ID-1
320,80769_Kbin-ID-1,K,1,80769_Kbin-ID-1
330,151460_KDR-ID-1,K,1,151460_KDR-ID-1
334,151460_PARAK75-ID-1,K,1,151460_PARAK75-ID-1
336,151460_AXNODE75-ID-1,K,1,151460_AXNODE75-ID-1
338,151460_Kv31-ID-1,K,1,151460_Kv31-ID-1
341,64229_ichan2-ID-1,K,3,64229_ichan2-ID-1;124291_ichan2-ID-2;124291_ichan2-ID-1
342,124291_kaprox-ID-1,K,1,124291_kaprox-ID-1
343,124291_kdrca1-ID-1,K,1,124291_kdrca1-ID-1
345,124291_kdr-ID-1,K,1,124291_kdr-ID-1
349,135787_km-ID-1,K,12,135787_km-ID-1;64195_km-ID-1;113732_km-ID-1;144372_km-ID-1;136803_km-ID-1;140828_km-ID-1;141273_km-ID-1;147514_km-ID-1;143604_km-ID-1;151685_km-ID-1;150538_km-ID-1;225075_km-ID-1
352,135787_ia-ID-1,K,2,135787_ia-ID-1;135839_ia-ID-1
361,3808_im-ID-1,K,5,3808_im-ID-1;135787_im-ID-1;135839_im-ID-1;144372_im-ID-1;143604_im-ID-1
362,135787_kv-ID-1,K,13,135787_kv-ID-1;64195_kv-ID-1;108458_Kv-ID-1;144372_kv-ID-1;136715_kv-ID-1;249404_kv-ID-1;140828_kv-ID-1;141273_kv-ID-1;147514_kv-ID-1;143604_kv-ID-1;150538_kv-ID-1;168148_kv-ID-1;225075_kv-ID-1
375,151458_kir-ID-1,K,1,151458_kir-ID-1
379,112834_krp-ID-1,K,5,112834_krp-ID-1;126640_krp-ID-1;150284_krp-ID-1;151458_krp-ID-1;236310_krp-ID-1
385,112834_kaf-ID-1,K,4,112834_kaf-ID-1;126640_kaf-ID-1;150284_kaf-ID-1;151458_kaf-ID-1
386,112834_kas-ID-1,K,4,112834_kas-ID-1;126640_kas-ID-1;150284_kas-ID-1;151458_kas-ID-1
396,151404_hh3k-ID-1,K,2,151404_hh3k-ID-1;167694_hh3k-ID-1
438,143671_kdrRL-ID-1,K,5,143671_kdrRL-ID-1;183949_kdrRL-ID-1;217882_kdrRL-ID-1;239582_kdrRL-ID-1;267176_kdrRL-ID-1
440,97917_km-ID-1,K,4,97917_km-ID-1;144401_km-ID-1;144579_km-ID-1;244262_km-ID-1
453,97917_kdr-ID-1,K,4,97917_kdr-ID-1;144401_kdr-ID-1;144579_kdr-ID-1;244262_kdr-ID-1
460,97917_ka_ib-ID-1,K,3,97917_ka_ib-ID-1;144579_ka_ib-ID-1;244262_ka_ib-ID-1
462,97917_kdr_fs-ID-1,K,3,97917_kdr_fs-ID-1;144579_kdr_fs-ID-1;244262_kdr_fs-ID-1
469,97917_k2-ID-1,K,4,97917_k2-ID-1;136309_k2_Traub-ID-1;144579_k2-ID-1;244262_k2-ID-1
470,97917_ka-ID-1,K,5,97917_ka-ID-1;144401_ka-ID-1;136309_ka_Traub-ID-1;144579_ka-ID-1;244262_ka-ID-1
480,51781_ichan2-ID-1,K,7,51781_ichan2-ID-1;124513_ichan2-ID-1;97917_ichan2-ID-1;155602_ichan2-ID-1;155601_ichan2-ID-1;155568_ichan2-ID-1;267509_ichan2-ID-1
485,144541_km-ID-1,K,1,144541_km-ID-1
489,144541_kaprox-ID-1,K,1,144541_kaprox-ID-1
490,144541_kdrca1-ID-1,K,1,144541_kdrca1-ID-1
491,144541_kadist-ID-1,K,1,144541_kadist-ID-1
497,82849_kdr-ID-1,K,5,82849_kdr-ID-1;155057_kdr-ID-1;168310_kdr-ID-1;237595_kdr-ID-1;237595_kdr-ID-2
519,113446_kdrglia-ID-1,K,3,113446_kdrglia-ID-1;243508_kdrglia-ID-1;243508_kdrglia-ID-2
522,113446_kdr-ID-1,K,1,113446_kdr-ID-1
523,113446_kir-ID-1,K,1,113446_kir-ID-1
534,113446_ka-ID-1,K,1,113446_ka-ID-1
551,127995_kdrmt-ID-1,K,4,127995_kdrmt-ID-1;144570_kdrmt-ID-1;151681_kdrmt-ID-1;168591_kdrmt-ID-1
553,127995_kamt-ID-1,K,4,127995_kamt-ID-1;144570_kamt-ID-1;151681_kamt-ID-1;168591_kamt-ID-1
594,20007_KdBG-ID-1,K,1,20007_KdBG-ID-1
596,20007_KmM95-ID-1,K,1,20007_KmM95-ID-1
600,20007_KdrM99SL-ID-1,K,1,20007_KdrM99SL-ID-1
603,20007_KaDM99SL-ID-1,K,1,20007_KaDM99SL-ID-1
605,20007_KaPM99SL-ID-1,K,1,20007_KaPM99SL-ID-1
626,136309_kdr_Traub-ID-1,K,1,136309_kdr_Traub-ID-1
627,136309_kdr_Jonas-ID-1,K,1,136309_kdr_Jonas-ID-1
630,136309_kdr_Yu-ID-1,K,1,136309_kdr_Yu-ID-1
635,18198_HH2-ID-1,K,6,18198_HH2-ID-1;3343_HH2-ID-1;19176_HH2-ID-1;140828_HH2-ID-1;234233_HH2-ID-1;225075_HH2-ID-1
638,169457_SKv3_1-ID-1,K,9,169457_SKv3_1-ID-1;187615_SKv3_1-ID-1;237469_SKv3_1-ID-1;187474_SKv3_1-ID-1;187474_SKv3_1-ID-3;237469_SKv3_1-ID-2;187474_SKv3_1-ID-2;249463_SKv3_1-ID-1;267293_SKv3_1-ID-1
645,169457_K_Tst-ID-1,K,9,169457_K_Tst-ID-1;187615_K_Tst-ID-1;187474_K_Tst-ID-3;187474_K_Tst-ID-1;187474_K_Tst-ID-2;237469_K_Tst-ID-1;237469_K_Tst-ID-2;249463_K_Tst-ID-1;267293_K_Tst-ID-1
646,169457_Im-ID-1,K,9,169457_Im-ID-1;187615_Im-ID-1;187474_Im-ID-2;187474_Im-ID-3;237469_Im-ID-1;237469_Im-ID-2;187474_Im-ID-1;249463_Im-ID-1;267293_Im-ID-1
649,169457_K_Pst-ID-1,K,9,169457_K_Pst-ID-1;187615_K_Pst-ID-1;187474_K_Pst-ID-1;187474_K_Pst-ID-3;237469_K_Pst-ID-2;237469_K_Pst-ID-1;187474_K_Pst-ID-2;249463_K_Pst-ID-1;267293_K_Pst-ID-1
674,114637_iap-ID-1,K,1,114637_iap-ID-1
682,144523_fKdr-ID-1,K,4,144523_fKdr-ID-1;150024_fKdr-ID-1;185513_fKdr-ID-1;267189_fKdr-ID-1
687,144523_sKdr-ID-1,K,4,144523_sKdr-ID-1;150024_sKdr-ID-1;185513_sKdr-ID-1;267189_sKdr-ID-1
691,3507_fh-ID-1,K,3,3507_fh-ID-1;3798_fh-ID-1;239006_fh-ID-1
692,101629_km-ID-1,K,5,101629_km-ID-1;137259_km-ID-1;223649_km-ID-1;229750_km-ID-1;228599_km-ID-1
695,101629_kaprox-ID-1,K,4,101629_kaprox-ID-1;137259_kaprox-ID-1;223649_kaprox-ID-3;229750_kaprox-ID-1
696,101629_kdrca1-ID-1,K,5,101629_kdrca1-ID-1;137259_kdrca1-ID-1;181967_kdrca1-ID-1;223649_kdrca1-ID-3;229750_kdrca1-ID-1
699,17664_KM-ID-1,K,2,17664_KM-ID-1;149000_KM-ID-1
701,17664_Kh-ID-1,K,2,17664_Kh-ID-1;149000_Kh-ID-1
707,17664_Kdr-ID-1,K,2,17664_Kdr-ID-1;149000_Kdr-ID-1
714,17664_Khh-ID-1,K,2,17664_Khh-ID-1;149000_Khh-ID-1
715,17664_KD-ID-1,K,2,17664_KD-ID-1;149000_KD-ID-1
717,17664_KA-ID-1,K,4,17664_KA-ID-1;149000_KA-ID-1;155735_KA-ID-1;206364_KA-ID-1
720,112834_kir-ID-1,K,6,112834_kir-ID-1;140828_kir-ID-1;150284_kir-ID-1;236310_kir-ID-2;236310_kir-ID-1;225075_kir-ID-1
738,7907_km-ID-1,K,2,7907_km-ID-1;7907_km-ID-2
750,7907_kaprox-ID-2,K,9,7907_kaprox-ID-2;22203_kaprox-ID-1;22203_kaprox-ID-2;83344_kaprox-ID-1;108459_kaprox-ID-1;138321_kaprox-ID-1;266844_kaprox-ID-1;266844_kaprox-ID-2;266844_kaprox-ID-3
752,7907_kadist-ID-2,K,3,7907_kadist-ID-2;22203_kadist-ID-2;22203_kadist-ID-1
761,119266_km-ID-1,K,1,119266_km-ID-1
763,119266_KdBG-ID-1,K,2,119266_KdBG-ID-1;144450_KdBG-ID-1
767,119266_hha2-ID-1,K,1,119266_hha2-ID-1
768,119266_hha_old-ID-1,K,1,119266_hha_old-ID-1
771,119266_kaprox-ID-1,K,1,119266_kaprox-ID-1
775,119266_kadist-ID-1,K,1,119266_kadist-ID-1
778,28316_IA-ID-1,K,5,28316_IA-ID-1;123815_IA-ID-1;151126_IA-ID-1;181967_IA-ID-1;256388_IA-ID-1
779,28316_Kaxon-ID-1,K,1,28316_Kaxon-ID-1
782,28316_Kdend-ID-1,K,1,28316_Kdend-ID-1
784,28316_Ksoma-ID-1,K,1,28316_Ksoma-ID-1
790,149100_SKv3_1-ID-1,K,77,149100_SKv3_1-ID-1;156780_SKv3_1-ID-1;180373_SKv3_1-ID-2;180373_SKv3_1-ID-1;225311_SKv3_1-ID-1;229276_SKv3_1-ID-1;231427_SKv3_1-ID-1;224923_SKv3_1-ID-1;230326_SKv3_1-ID-1;241165_SKv3_1-ID-16;241165_SKv3_1-ID-26;241165_SKv3_1-ID-10;241165_SKv3_1-ID-9;241165_SKv3_1-ID-22;241165_SKv3_1-ID-12;241165_SKv3_1-ID-17;241165_SKv3_1-ID-8;241165_SKv3_1-ID-24;241165_SKv3_1-ID-15;241165_SKv3_1-ID-11;241165_SKv3_1-ID-13;241165_SKv3_1-ID-18;241165_SKv3_1-ID-14;241165_SKv3_1-ID-25;241165_SKv3_1-ID-4;241165_SKv3_1-ID-3;241165_SKv3_1-ID-23;241165_SKv3_1-ID-6;241165_SKv3_1-ID-2;241165_SKv3_1-ID-19;241165_SKv3_1-ID-21;241165_SKv3_1-ID-5;241165_SKv3_1-ID-20;241165_SKv3_1-ID-7;241165_SKv3_1-ID-1;251493_SKv3_1-ID-1;264834_SKv3_1-ID-1;260971_SKv3_1-ID-3;260971_SKv3_1-ID-1;260971_SKv3_1-ID-5;239145_SKv3_1-ID-1;260971_SKv3_1-ID-2;261460_SKv3_1-ID-1;260971_SKv3_1-ID-4;260971_SKv3_1-ID-6;267067_SKv3_1-ID-2;267067_SKv3_1-ID-1;266851_SKv3_1-ID-1;267691_SKv3_1-ID-11;267691_SKv3_1-ID-1;267691_SKv3_1-ID-7;267691_SKv3_1-ID-17;267691_SKv3_1-ID-21;267691_SKv3_1-ID-24;267691_SKv3_1-ID-5;267384_SKv3_1-ID-1;267691_SKv3_1-ID-23;267691_SKv3_1-ID-8;267691_SKv3_1-ID-3;267691_SKv3_1-ID-10;267691_SKv3_1-ID-12;267691_SKv3_1-ID-2;267691_SKv3_1-ID-6;267691_SKv3_1-ID-4;267691_SKv3_1-ID-18;267691_SKv3_1-ID-15;267691_SKv3_1-ID-22;267691_SKv3_1-ID-25;267691_SKv3_1-ID-14;267691_SKv3_1-ID-19;267691_SKv3_1-ID-16;267691_SKv3_1-ID-20;267691_SKv3_1-ID-26;267691_SKv3_1-ID-13;267691_SKv3_1-ID-9;249705_SKv3_1-ID-1;267511_SKv3_1-ID-1
805,149100_K_Tst-ID-1,K,75,149100_K_Tst-ID-1;180373_K_Tst-ID-1;180373_K_Tst-ID-2;156780_K_Tst-ID-1;225311_K_Tst-ID-1;230326_K_Tst-ID-1;231427_K_Tst-ID-1;224923_K_Tst-ID-1;229276_K_Tst-ID-1;241165_K_Tst-ID-24;241165_K_Tst-ID-1;241165_K_Tst-ID-7;241165_K_Tst-ID-12;241165_K_Tst-ID-13;241165_K_Tst-ID-8;241165_K_Tst-ID-16;241165_K_Tst-ID-22;241165_K_Tst-ID-2;241165_K_Tst-ID-11;241165_K_Tst-ID-19;241165_K_Tst-ID-14;241165_K_Tst-ID-6;241165_K_Tst-ID-5;241165_K_Tst-ID-18;241165_K_Tst-ID-3;241165_K_Tst-ID-9;241165_K_Tst-ID-4;241165_K_Tst-ID-21;241165_K_Tst-ID-10;241165_K_Tst-ID-15;241165_K_Tst-ID-20;241165_K_Tst-ID-23;241165_K_Tst-ID-25;241165_K_Tst-ID-17;251493_K_Tst-ID-1;264834_K_Tst-ID-1;260971_K_Tst-ID-5;260971_K_Tst-ID-3;260971_K_Tst-ID-6;260971_K_Tst-ID-2;261460_K_Tst-ID-1;260971_K_Tst-ID-1;260971_K_Tst-ID-4;239145_K_Tst-ID-1;266851_K_Tst-ID-1;267067_K_Tst-ID-2;267067_K_Tst-ID-1;266984_K_Tst-ID-1;267691_K_Tst-ID-11;267691_K_Tst-ID-3;267691_K_Tst-ID-17;267691_K_Tst-ID-8;267691_K_Tst-ID-9;267691_K_Tst-ID-21;267691_K_Tst-ID-20;267691_K_Tst-ID-13;267691_K_Tst-ID-6;267691_K_Tst-ID-2;267691_K_Tst-ID-4;267691_K_Tst-ID-16;267691_K_Tst-ID-24;267691_K_Tst-ID-22;267691_K_Tst-ID-1;267691_K_Tst-ID-14;267691_K_Tst-ID-23;267691_K_Tst-ID-7;267691_K_Tst-ID-15;267691_K_Tst-ID-18;267691_K_Tst-ID-5;267691_K_Tst-ID-12;267691_K_Tst-ID-19;267691_K_Tst-ID-10;267691_K_Tst-ID-25;267511_K_Tst-ID-1;249705_K_Tst-ID-1
807,117207_IL-ID-1,K,4,117207_IL-ID-1;266851_IL-ID-2;266851_IL-ID-1;249705_IL-ID-1
808,156780_Im-ID-1,K,75,156780_Im-ID-1;180373_Im-ID-1;180373_Im-ID-2;225311_Im-ID-1;231427_Im-ID-1;229276_Im-ID-1;224923_Im-ID-1;230326_Im-ID-1;241165_Im-ID-5;241165_Im-ID-15;241165_Im-ID-16;241165_Im-ID-17;241165_Im-ID-23;241165_Im-ID-7;241165_Im-ID-6;241165_Im-ID-22;241165_Im-ID-18;241165_Im-ID-4;241165_Im-ID-25;241165_Im-ID-13;241165_Im-ID-1;241165_Im-ID-3;241165_Im-ID-9;241165_Im-ID-14;241165_Im-ID-8;241165_Im-ID-19;241165_Im-ID-20;241165_Im-ID-11;241165_Im-ID-2;241165_Im-ID-10;241165_Im-ID-12;241165_Im-ID-24;241165_Im-ID-21;251493_Im-ID-1;264834_Im-ID-1;260971_Im-ID-2;260971_Im-ID-4;260971_Im-ID-5;239145_Im-ID-1;260971_Im-ID-6;260971_Im-ID-1;261460_Im-ID-1;260971_Im-ID-3;267067_Im-ID-1;266851_Im-ID-1;266984_Im-ID-1;267067_Im-ID-2;267691_Im-ID-24;267691_Im-ID-25;267691_Im-ID-14;267691_Im-ID-3;267691_Im-ID-18;267691_Im-ID-19;267384_Im-ID-1;267691_Im-ID-2;267691_Im-ID-15;267691_Im-ID-9;267691_Im-ID-20;267691_Im-ID-8;267691_Im-ID-21;267691_Im-ID-4;267691_Im-ID-11;267691_Im-ID-7;267691_Im-ID-13;267691_Im-ID-5;267691_Im-ID-17;267691_Im-ID-1;267691_Im-ID-22;267691_Im-ID-23;267691_Im-ID-6;267691_Im-ID-16;267691_Im-ID-12;267691_Im-ID-10;267511_Im-ID-1;249705_Im-ID-1
809,117207_kv-ID-1,K,4,117207_kv-ID-1;266851_kv-ID-2;266851_kv-ID-3;249705_kv-ID-1
817,149100_K_Pst-ID-1,K,75,149100_K_Pst-ID-1;156780_K_Pst-ID-1;180373_K_Pst-ID-2;180373_K_Pst-ID-1;225311_K_Pst-ID-1;229276_K_Pst-ID-1;231427_K_Pst-ID-1;224923_K_Pst-ID-1;230326_K_Pst-ID-1;241165_K_Pst-ID-23;241165_K_Pst-ID-14;241165_K_Pst-ID-20;241165_K_Pst-ID-3;241165_K_Pst-ID-19;241165_K_Pst-ID-13;241165_K_Pst-ID-21;241165_K_Pst-ID-22;241165_K_Pst-ID-8;241165_K_Pst-ID-16;241165_K_Pst-ID-12;241165_K_Pst-ID-24;241165_K_Pst-ID-2;241165_K_Pst-ID-18;241165_K_Pst-ID-4;241165_K_Pst-ID-15;241165_K_Pst-ID-25;241165_K_Pst-ID-1;241165_K_Pst-ID-5;241165_K_Pst-ID-17;241165_K_Pst-ID-6;241165_K_Pst-ID-11;241165_K_Pst-ID-9;241165_K_Pst-ID-10;241165_K_Pst-ID-7;251493_K_Pst-ID-1;264834_K_Pst-ID-1;260971_K_Pst-ID-3;260971_K_Pst-ID-5;260971_K_Pst-ID-1;239145_K_Pst-ID-1;260971_K_Pst-ID-4;260971_K_Pst-ID-2;261460_K_Pst-ID-1;260971_K_Pst-ID-6;267067_K_Pst-ID-2;267067_K_Pst-ID-1;266851_K_Pst-ID-1;267691_K_Pst-ID-8;267691_K_Pst-ID-19;267691_K_Pst-ID-13;267691_K_Pst-ID-20;267691_K_Pst-ID-3;267691_K_Pst-ID-16;267691_K_Pst-ID-7;267691_K_Pst-ID-23;267691_K_Pst-ID-12;267691_K_Pst-ID-11;267691_K_Pst-ID-2;267691_K_Pst-ID-9;267384_K_Pst-ID-1;267691_K_Pst-ID-24;267691_K_Pst-ID-5;267691_K_Pst-ID-14;267691_K_Pst-ID-21;267691_K_Pst-ID-15;267691_K_Pst-ID-4;267691_K_Pst-ID-10;267691_K_Pst-ID-6;267691_K_Pst-ID-18;267691_K_Pst-ID-17;267691_K_Pst-ID-22;267691_K_Pst-ID-25;267691_K_Pst-ID-1;249705_K_Pst-ID-1;267511_K_Pst-ID-1
861,101629_kd-ID-1,K,5,101629_kd-ID-1;137259_kd-ID-1;181967_kd-ID-1;223649_kd-ID-1;267298_kd-ID-1
898,189154_km-ID-1,K,2,189154_km-ID-1;185858_km-ID-1
905,185858_kdr-ID-1,K,2,185858_kdr-ID-1;189154_kdr-ID-1
914,185858_kap-ID-1,K,2,185858_kap-ID-1;189154_kap-ID-1
916,185858_kdmc-ID-1,K,2,185858_kdmc-ID-1;189154_kdmc-ID-1
919,3289_kslow-ID-1,K,1,3289_kslow-ID-1
920,3289_kfast-ID-1,K,1,3289_kfast-ID-1
923,120910_kadend-ID-1,K,1,120910_kadend-ID-1
926,120910_ikhhdend-ID-1,K,1,120910_ikhhdend-ID-1
927,3454_ht-ID-1,K,2,3454_ht-ID-1;139657_ht-ID-1
931,3454_lt-ID-1,K,2,3454_lt-ID-1;139657_lt-ID-1
935,102288_Ikleaksd-ID-1,K,3,102288_Ikleaksd-ID-1;182797_Ikleaksd-ID-1;223649_Ikleaksd-ID-1
936,102288_Ikdrs-ID-1,K,3,102288_Ikdrs-ID-1;182797_Ikdrs-ID-1;223031_Ikdrs-ID-1
937,102288_Ikdrf-ID-1,K,3,102288_Ikdrf-ID-1;182797_Ikdrf-ID-1;223031_Ikdrf-ID-1
938,102288_IMmintau-ID-1,K,2,102288_IMmintau-ID-1;182797_IMmintau-ID-1
943,102288_IKa-ID-1,K,7,102288_IKa-ID-1;182797_IKa-ID-1;223031_IKa-ID-3;223031_IKa-ID-2;223031_IKa-ID-4;223031_IKa-ID-1;223031_IKa-ID-5
945,102288_Ikleakaxon-ID-1,K,2,102288_Ikleakaxon-ID-1;182797_Ikleakaxon-ID-1
946,102288_Ikdrsaxon-ID-1,K,2,102288_Ikdrsaxon-ID-1;182797_Ikdrsaxon-ID-1
948,102288_Ikdrfaxon-ID-1,K,2,102288_Ikdrfaxon-ID-1;182797_Ikdrfaxon-ID-1
951,102288_IMminret-ID-1,K,2,102288_IMminret-ID-1;182797_IMminret-ID-1
968,147218_kdr-ID-1,K,1,147218_kdr-ID-1
969,147218_gksub-ID-1,K,1,147218_gksub-ID-1
979,97860_kv2_hh-ID-1,K,1,97860_kv2_hh-ID-1
985,97860_kv4hh-ID-1,K,1,97860_kv4hh-ID-1
988,97860_kv2_simplehh-ID-1,K,1,97860_kv2_simplehh-ID-1
990,97860_kv1_gp-ID-1,K,1,97860_kv1_gp-ID-1
994,123897_km-ID-1,K,4,123897_km-ID-1;206398_km-ID-1;237594_km-ID-1;241160_km-ID-1
1002,123897_kv-ID-1,K,5,123897_kv-ID-1;237594_kv-ID-1;206398_kv-ID-1;241160_kv-ID-1;263053_kv-ID-1
1033,20212_kap-ID-1,K,5,20212_kap-ID-1;123815_kap-ID-1;181967_kap-ID-1;246546_kap-ID-1;256311_kap-ID-1
1034,20212_kad-ID-1,K,5,20212_kad-ID-1;123815_kad-ID-1;181967_kad-ID-1;246546_kad-ID-1;256311_kad-ID-1
1041,229585_Kir23-ID-1,K,7,229585_Kir23-ID-1;239421_Kir23-ID-1;265584_Kir23-ID-3;265584_Kir23-ID-1;265584_Kir23-ID-2;265584_Kir23-ID-4;267189_Kir23-ID-1
1047,229585_Kv33-ID-1,K,3,229585_Kv33-ID-1;239421_Kv33-ID-1;267189_Kv33-ID-1
1053,121253_axnodenew2-ID-1,K,1,121253_axnodenew2-ID-1
1056,121253_fastK-ID-1,K,1,121253_fastK-ID-1
1059,2488_km-ID-1,K,4,2488_km-ID-1;135839_km-ID-1;260015_km-ID-1;267511_km-ID-1
1062,2488_kv-ID-1,K,9,2488_kv-ID-1;135839_kv-ID-1;195667_kv-ID-1;266802_0_kv-ID-5;266802_0_kv-ID-4;266802_0_kv-ID-2;266802_0_kv-ID-3;260015_kv-ID-1;267511_kv-ID-1
1079,6763_leak-ID-1,K,1,6763_leak-ID-1
1084,6763_delay-ID-1,K,1,6763_delay-ID-1
1086,87454_kht-ID-1,K,1,87454_kht-ID-1
1094,2798_kaprox-ID-1,K,1,2798_kaprox-ID-1
1098,82784_KdrIN-ID-1,K,1,82784_KdrIN-ID-1
1100,82784_Kdr-ID-1,K,2,82784_Kdr-ID-1;124043_Kdr-ID-1
1106,82784_Ks-ID-1,K,1,82784_Ks-ID-1
1112,168858_km-ID-1,K,1,168858_km-ID-1
1119,168858_kdr-ID-1,K,1,168858_kdr-ID-1
1126,20756_k2-ID-1,K,3,20756_k2-ID-1;168858_k2-ID-1;184497_k2-ID-1
1128,168858_ka-ID-1,K,1,168858_ka-ID-1
1147,97863_ik1-ID-1,K,2,97863_ik1-ID-1;150691_ik1-ID-1
1148,97863_ix1-ID-1,K,2,97863_ix1-ID-1;150691_ix1-ID-1
1153,150239_kdr-ID-1,K,6,150239_kdr-ID-1;184054_kdr-ID-1;187610_kdr-ID-1;222359_kdr-ID-1;237728_kdr-ID-1;258867_kdr-ID-1
1156,150239_kap-ID-1,K,8,150239_kap-ID-1;184054_kap-ID-1;187610_kap-ID-1;222359_kap-ID-1;237728_kap-ID-1;258867_kap-ID-1;266797_kap-ID-2;266797_kap-ID-1
1169,53876_kleak-ID-1,K,1,53876_kleak-ID-1
1174,53876_akfast-ID-1,K,1,53876_akfast-ID-1
1177,53876_kslow-ID-1,K,1,53876_kslow-ID-1
1178,53876_a-ID-1,K,1,53876_a-ID-1
1186,53876_bkfast-ID-1,K,1,53876_bkfast-ID-1
1190,2937_kdr-ID-1,K,1,2937_kdr-ID-1
1192,2937_borgkm-ID-1,K,1,2937_borgkm-ID-1
1209,135898_kd-ID-1,K,2,135898_kd-ID-1;143442_kd-ID-1
1210,20212_kv-ID-1,K,11,20212_kv-ID-1;22203_kv-ID-2;22203_kv-ID-1;83344_kv-ID-1;108459_kv-ID-1;135898_kv-ID-1;138321_kv-ID-1;143442_kv-ID-1;266844_kv-ID-2;266844_kv-ID-3;266844_kv-ID-1
1237,116835_GRC_KIR-ID-1,K,5,116835_GRC_KIR-ID-1;139656_GRC_KIR-ID-1;139883_GRC_KIR-ID-1;206267_GRC_KIR-ID-1;267189_GRC_KIR-ID-1
1245,112685_Golgi_KM-ID-1,K,3,112685_Golgi_KM-ID-1;127021_Golgi_KM-ID-1;139656_Golgi_KM-ID-1
1248,116835_GRC_KA-ID-1,K,5,116835_GRC_KA-ID-1;139883_GRC_KA-ID-1;139656_GRC_KA-ID-1;206267_GRC_KA-ID-1;267189_GRC_KA-ID-1
1249,116835_GRC_KV-ID-1,K,5,116835_GRC_KV-ID-1;139883_GRC_KV-ID-1;139656_GRC_KV-ID-1;206267_GRC_KV-ID-1;267189_GRC_KV-ID-1
1254,112685_Golgi_KA-ID-1,K,4,112685_Golgi_KA-ID-1;127021_Golgi_KA-ID-1;139656_Golgi_KA-ID-1;266578_Golgi_KA-ID-1
1255,112685_Golgi_KV-ID-1,K,3,112685_Golgi_KV-ID-1;127021_Golgi_KV-ID-1;139656_Golgi_KV-ID-1
1265,144450_km-ID-1,K,1,144450_km-ID-1
1273,144450_hha2-ID-1,K,1,144450_hha2-ID-1
1274,144450_hha_old-ID-1,K,1,144450_hha_old-ID-1
1278,144450_kaprox-ID-1,K,1,144450_kaprox-ID-1
1286,151126_km-ID-1,K,2,151126_km-ID-1;256388_km-ID-1
1294,151126_kdr-ID-1,K,2,151126_kdr-ID-1;256388_kdr-ID-1
1300,151126_kaprox-ID-1,K,2,151126_kaprox-ID-1;256388_kaprox-ID-1
1303,151126_kdrax-ID-1,K,2,151126_kdrax-ID-1;256388_kdrax-ID-1
1304,151126_kadist-ID-1,K,2,151126_kadist-ID-1;256388_kadist-ID-1
1317,19696_kadist-ID-1,K,1,19696_kadist-ID-1
1318,149174_ichan2-ID-1,K,1,149174_ichan2-ID-1
1322,128559_HH2-ID-1,K,4,128559_HH2-ID-1;151949_HH2-ID-1;168414_HH2-ID-1;267056_HH2-ID-1
1335,53569_HH2new-ID-1,K,3,53569_HH2new-ID-1;168414_HH2new-ID-1;267056_HH2new-ID-1
1345,2730_kM-ID-1,K,7,2730_kM-ID-1;64229_kM-ID-1;116094_kM-ID-1;116094_kM-ID-2;149739_kM-ID-1;183300_kM-ID-1;232097_kM-ID-1
1346,2733_kslowtab-ID-1,K,11,2733_kslowtab-ID-1;2487_kslowtab-ID-1;2730_kslowtab-ID-1;64229_kslowtab-ID-1;64296_kslowtab-ID-1;116094_kslowtab-ID-1;116094_kslowtab-ID-2;149739_kslowtab-ID-1;223649_kslowtab-ID-1;183300_kslowtab-ID-1;232097_kslowtab-ID-1
1350,2733_kfasttab-ID-1,K,11,2733_kfasttab-ID-1;2487_kfasttab-ID-1;2730_kfasttab-ID-1;64296_kfasttab-ID-1;64229_kfasttab-ID-1;116094_kfasttab-ID-2;116094_kfasttab-ID-1;149739_kfasttab-ID-1;183300_kfasttab-ID-1;223649_kfasttab-ID-1;232097_kfasttab-ID-1
1351,2733_kA-ID-1,K,7,2733_kA-ID-1;2487_kA-ID-1;2730_kA-ID-1;64229_kA-ID-1;64296_kA-ID-1;116094_kA-ID-2;116094_kA-ID-1
1366,153280_ch_Kdrslow-ID-1,K,1,153280_ch_Kdrslow-ID-1
1368,153280_ch_KvA-ID-1,K,2,153280_ch_KvA-ID-1;187604_ch_KvA-ID-1
1371,153280_ch_KvAdistp-ID-1,K,1,153280_ch_KvAdistp-ID-1
1374,153280_ch_Kdrfast-ID-1,K,2,153280_ch_Kdrfast-ID-1;187604_ch_Kdrfast-ID-1
1377,153280_ch_Kdrp-ID-1,K,1,153280_ch_Kdrp-ID-1
1379,153280_ch_KvAproxp-ID-1,K,1,153280_ch_KvAproxp-ID-1
1390,144376_HH2-ID-1,K,2,144376_HH2-ID-1;113997_HH2-ID-1
1392,3817_IM-ID-1,K,6,3817_IM-ID-1;113997_IKM-ID-1;144376_IKM-ID-1;123623_IM_cortex-ID-1;185858_IKM-ID-1;239878_IM-ID-1
1403,185355_Kir-ID-1,K,2,185355_Kir-ID-1;243508_Kir-ID-1
1406,185355_Ka-ID-1,K,1,185355_Ka-ID-1
1461,3808_ia-ID-1,K,3,3808_ia-ID-1;121600_ia-ID-1;121600_ia-ID-2
1473,180789_km-ID-1,K,2,180789_km-ID-1;266578_km-ID-1
1475,180789_kpkj2-ID-1,K,2,180789_kpkj2-ID-1;266578_kpkj2-ID-1
1477,180789_kv1-ID-1,K,2,180789_kv1-ID-1;266578_kv1-ID-1
1483,180789_erg-ID-1,K,2,180789_erg-ID-1;266578_erg-ID-1
1491,180789_kpkjslow-ID-1,K,2,180789_kpkjslow-ID-1;266578_kpkjslow-ID-1
1496,180789_khh-ID-1,K,2,180789_khh-ID-1;266578_khh-ID-1
1498,180789_kpkj-ID-1,K,2,180789_kpkj-ID-1;266578_kpkj-ID-1
1499,180789_kd-ID-1,K,2,180789_kd-ID-1;266578_kd-ID-1
1501,180789_ka-ID-1,K,2,180789_ka-ID-1;266578_ka-ID-1
1508,195615_kdr_BS-ID-1,K,5,195615_kdr_BS-ID-1;266851_kdr_BS-ID-2;266851_kdr_BS-ID-1;260015_kdr_BS-ID-1;267511_kdr_BS-ID-1
1525,187604_ch_KvAngf-ID-1,K,2,187604_ch_KvAngf-ID-1;260015_ch_KvAngf-ID-1
1526,195615_kdmc_BS-ID-1,K,5,195615_kdmc_BS-ID-1;266851_kdmc_BS-ID-2;266851_kdmc_BS-ID-1;260015_kdmc_BS-ID-1;267511_kdmc_BS-ID-1
1542,195615_kap_BS-ID-1,K,5,195615_kap_BS-ID-1;266851_kap_BS-ID-1;266851_kap_BS-ID-2;260015_kap_BS-ID-1;267511_kap_BS-ID-1
1551,17663_HH2-ID-1,K,13,17663_HH2-ID-1;3817_hh2-ID-1;279_hh2-ID-1;53965_HH2-ID-1;53965_HH2-ID-2;53965_HH2-ID-3;94321_hh2-ID-1;150240_hh2-ID-1;187603_hh2-ID-1;234241_hh2-ID-1;232876_hh2-ID-2;232876_hh2-ID-1;232876_hh2-ID-3
1566,3673_spike-ID-1,K,6,3673_spike-ID-1;18501_spike-ID-1;50997_spike-ID-1;124063_Ganglion_hh-ID-1;260653_spike-ID-1;267646_Ganglion_hh-ID-1
1603,121060_chan_KIR-ID-1,K,2,121060_chan_KIR-ID-1;267508_chan_KIR-ID-1
1609,121060_chan_inKIR-ID-1,K,2,121060_chan_inKIR-ID-1;267508_chan_inKIR-ID-1
1612,121060_chan_KAs-ID-1,K,2,121060_chan_KAs-ID-1;267508_chan_KAs-ID-1
1617,121060_chan_KRP-ID-1,K,2,121060_chan_KRP-ID-1;267508_chan_KRP-ID-1
1627,140249_HH_traub-ID-1,K,3,140249_HH_traub-ID-1;156039_HH_traub-ID-1;239878_HH_traub-ID-1
1634,116096_km-ID-1,K,1,116096_km-ID-1
1642,116096_kv-ID-1,K,2,116096_kv-ID-1;144482_kv-ID-1
1669,85112_kf-ID-1,K,1,85112_kf-ID-1
1670,85112_ks-ID-1,K,1,85112_ks-ID-1
1672,26997_kdr-ID-1,K,2,26997_kdr-ID-1;33975_kdr-ID-1
1692,143635_kht-ID-1,K,1,143635_kht-ID-1
1704,18197_HH-ID-1,K,2,18197_HH-ID-1;18500_HH-ID-1
1760,114394_Km-ID-1,K,3,114394_Km-ID-1;217882_Km-ID-1;266851_Km-ID-1
1761,114394_Kv1-ID-1,K,2,114394_Kv1-ID-1;266851_Kv1-ID-1
1765,114394_kv-ID-1,K,23,114394_kv-ID-1;144526_Kv-ID-1;223955_Kv-ID-6;223955_Kv-ID-13;223955_Kv-ID-3;223955_Kv-ID-12;223955_Kv-ID-11;223955_Kv-ID-5;223955_Kv-ID-1;223955_Kv-ID-2;223955_Kv-ID-7;223955_Kv-ID-18;223955_Kv-ID-14;223955_Kv-ID-15;223955_Kv-ID-4;223955_Kv-ID-19;223955_Kv-ID-10;223955_Kv-ID-17;223955_Kv-ID-9;223955_Kv-ID-16;223955_Kv-ID-20;223955_Kv-ID-8;266851_kv-ID-1
1770,187615_kslow-ID-1,K,1,187615_kslow-ID-1
1773,187615_kfast-ID-1,K,1,187615_kfast-ID-1
1776,3660_kdrneosup-ID-1,K,1,3660_kdrneosup-ID-1
1777,3660_kaneosup-ID-1,K,1,3660_kaneosup-ID-1
1807,8210_kd3h5-ID-1,K,1,8210_kd3h5-ID-1
1811,3263_kdr-ID-1,K,7,3263_kdr-ID-1;147867_kdr-ID-1;181967_kdr-ID-1;187473_kdr-ID-1;266498_kdr-ID-1;266823_kdr-ID-1;267618_kdr-ID-1
1815,187473_im-ID-1,K,2,187473_im-ID-1;266498_im-ID-1
1834,64228_Kv-ID-1,K,1,64228_Kv-ID-1
1849,9889_HH_traub-ID-1,K,2,9889_HH_traub-ID-1;12631_HH_traub-ID-1
1870,150240_IM-ID-1,K,1,150240_IM-ID-1
1880,155735_kpkj_cn-ID-1,K,1,155735_kpkj_cn-ID-1
1881,48332_kpkj2-ID-1,K,2,48332_kpkj2-ID-1;155735_kpkj2-ID-1
1883,155735_kpkj2_cn-ID-1,K,1,155735_kpkj2_cn-ID-1
1885,155735_kpkjslow_cn-ID-1,K,1,155735_kpkjslow_cn-ID-1
1891,48332_kpkjslow-ID-1,K,2,48332_kpkjslow-ID-1;155735_kpkjslow-ID-1
1892,155735_kpkj-ID-1,K,1,155735_kpkj-ID-1
1893,155735_KMnew2-ID-1,K,2,155735_KMnew2-ID-1;206364_KMnew2-ID-1
1896,155735_Kh2-ID-1,K,2,155735_Kh2-ID-1;206364_Kh2-ID-1
1897,155735_Kh1-ID-1,K,2,155735_Kh1-ID-1;206364_Kh1-ID-1
1898,155735_Kdr-ID-1,K,2,155735_Kdr-ID-1;206364_Kdr-ID-1
1926,44050_kdrca1-ID-1,K,2,44050_kdrca1-ID-1;97874_kdrca1-ID-1
1930,114359_km-ID-1,K,1,114359_km-ID-1
1934,114359_kv-ID-1,K,1,114359_kv-ID-1
1939,156120_km-ID-1,K,2,156120_km-ID-1;186977_km-ID-1
1942,156120_hh1-ID-1,K,2,156120_hh1-ID-1;186977_hh1-ID-1
1953,124394_hh3-ID-1,K,2,124394_hh3-ID-1;136176_hh3-ID-1
1957,3802_kxph-ID-1,K,1,3802_kxph-ID-1
1975,3263_borgkm-ID-1,K,4,3263_borgkm-ID-1;147867_borgkm-ID-1;181967_borgkm-ID-1;266823_borgkm-ID-1
1976,147867_kap-ID-1,K,1,147867_kap-ID-1
1977,147867_kad-ID-1,K,1,147867_kad-ID-1
1979,3491_kdrgc-ID-1,K,1,3491_kdrgc-ID-1
1993,3805_dc-ID-1,K,1,3805_dc-ID-1
2001,126814_km-ID-1,K,2,126814_km-ID-1;168874_km-ID-1
2008,126814_kaprox-ID-1,K,2,126814_kaprox-ID-1;168874_kaprox-ID-1
2009,126814_kdrca1-ID-1,K,2,126814_kdrca1-ID-1;168874_kdrca1-ID-1
2049,124063_Bip_Kv-ID-1,K,2,124063_Bip_Kv-ID-1;267646_Bip_Kv-ID-1
2050,124063_Bip_Ka-ID-1,K,2,124063_Bip_Ka-ID-1;267646_Bip_Ka-ID-1
2054,124063_Cone_Kv-ID-1,K,2,124063_Cone_Kv-ID-1;267646_Cone_Kv-ID-1
2063,53451_km-ID-1,K,1,53451_km-ID-1
2068,53451_kv-ID-1,K,1,53451_kv-ID-1
2071,226010_kDR-ID-1,K,1,226010_kDR-ID-1
2072,226010_A-ID-1,K,1,226010_A-ID-1
2076,226010_M-ID-1,K,1,226010_M-ID-1
2087,19214_hh1-ID-1,K,2,19214_hh1-ID-1;20014_hh1-ID-1
2096,135902_kdrolmkop-ID-1,K,7,135902_kdrolmkop-ID-1;139421_kdrolmkop-ID-1;135903_kdrolmkop-ID-1;182134_kdrolmkop-ID-1;186768_kdrolmkop-ID-1;230861_kdrolmkop-ID-1;258738_kdrolmkop-ID-1
2100,139421_kdrbwb-ID-1,K,5,139421_kdrbwb-ID-1;151282_kdrbwb-ID-1;186768_kdrbwb-ID-1;185858_kdrbwb-ID-1;258738_kdrbwb-ID-1
2107,135902_kaolmkop-ID-1,K,7,135902_kaolmkop-ID-1;139421_kaolmkop-ID-1;135903_kaolmkop-ID-1;186768_kaolmkop-ID-1;182134_kaolmkop-ID-1;230861_kaolmkop-ID-1;258738_kaolmkop-ID-1
2114,135902_kapyrkop-ID-1,K,7,135902_kapyrkop-ID-1;135903_kapyrkop-ID-1;139421_kapyrkop-ID-1;182134_kapyrkop-ID-1;186768_kapyrkop-ID-1;230861_kapyrkop-ID-1;258738_kapyrkop-ID-1
2117,139421_CA1ika-ID-1,K,4,139421_CA1ika-ID-1;151282_CA3ika-ID-1;186768_CA1ika-ID-1;258738_CA1ika-ID-1
2119,135902_kdrpyrkop-ID-1,K,7,135902_kdrpyrkop-ID-1;139421_kdrpyrkop-ID-1;135903_kdrpyrkop-ID-1;182134_kdrpyrkop-ID-1;186768_kdrpyrkop-ID-1;230861_kdrpyrkop-ID-1;258738_kdrpyrkop-ID-1
2120,135902_kdrpr-ID-1,K,7,135902_kdrpr-ID-1;135903_kdrpr-ID-1;139421_kdrpr-ID-1;182134_kdrpr-ID-1;186768_kdrpr-ID-1;230861_kdrpr-ID-1;258738_kdrpr-ID-1
2121,139421_CA1ikdr-ID-1,K,4,139421_CA1ikdr-ID-1;151282_CA3ikdr-ID-1;186768_CA1ikdr-ID-1;258738_CA1ikdr-ID-1
2174,64229_kdr-ID-2,K,1,64229_kdr-ID-2
2178,64229_kdrp-ID-2,K,1,64229_kdrp-ID-2
2187,149739_KDRmt-ID-1,K,3,149739_KDRmt-ID-1;183300_kdrmt-ID-1;232097_KDRmt-ID-1
2193,149739_kAmt-ID-1,K,3,149739_kAmt-ID-1;183300_kamt-ID-1;232097_kAmt-ID-1
2200,149739_KS-ID-1,K,2,149739_KS-ID-1;183300_KS-ID-1
2213,112546_km-ID-1,K,2,112546_km-ID-1;144392_km-ID-1
2237,138273_IKaSM-ID-1,K,1,138273_IKaSM-ID-1
2238,138273_IKdrSM-ID-1,K,1,138273_IKdrSM-ID-1
2276,115356_km-ID-1,K,3,115356_km-ID-1;123927_KM-ID-1;125152_KM-ID-1
2283,125152_kdr-ID-1,K,2,125152_kdr-ID-1;123927_kdr-ID-1
2285,125152_kslow-ID-1,K,1,125152_kslow-ID-1
2290,125152_kleck-ID-1,K,2,125152_kleck-ID-1;123927_kleck-ID-1
2291,115356_ka-ID-1,K,3,115356_ka-ID-1;123927_ka-ID-1;125152_ka-ID-1
2296,151443_Kdr-ID-1,K,1,151443_Kdr-ID-1
2301,151443_K_No-ID-1,K,1,151443_K_No-ID-1
2337,135902_kdrbwb-ID-1,K,4,135902_kdrbwb-ID-1;135903_kdrbwb-ID-1;182134_kdrbwb-ID-1;230861_kdrbwb-ID-1
2344,135902_CA1ika-ID-1,K,4,135902_CA1ika-ID-1;135903_CA1ika-ID-1;182134_ca1ika-ID-1;230861_ca1ika-ID-1
2345,135902_kdrca1-ID-1,K,4,135902_kdrca1-ID-1;135903_kdrca1-ID-1;182134_kdrca1-ID-1;230861_kdrca1-ID-1
2350,135902_CA1ikdr-ID-1,K,4,135902_CA1ikdr-ID-1;135903_CA1ikdr-ID-1;182134_ca1ikdr-ID-1;230861_ca1ikdr-ID-1
2353,46839_grc_kir-ID-1,K,1,46839_grc_kir-ID-1
2354,46839_Grg_kv-ID-1,K,1,46839_Grg_kv-ID-1
2357,46839_grc_ka-ID-1,K,1,46839_grc_ka-ID-1
2364,46839_grg_km-ID-1,K,1,46839_grg_km-ID-1
2371,180370_kdrRL-ID-1,K,1,180370_kdrRL-ID-1
2385,123623_HH_traub-ID-1,K,2,123623_HH_traub-ID-1;223649_HH_traub-ID-1
2391,223649_IM_cortex-ID-2,K,1,223649_IM_cortex-ID-2
2392,64296_kO-ID-1,K,2,64296_kO-ID-1;223649_kO-ID-1
2400,223649_kslowtab-ID-2,K,1,223649_kslowtab-ID-2
2404,223649_kfasttab-ID-2,K,1,223649_kfasttab-ID-2
2405,223649_kA-ID-2,K,1,223649_kA-ID-2
2408,223649_kdtx-ID-1,K,1,223649_kdtx-ID-1
2414,150288_kdrinter-ID-1,K,3,150288_kdrinter-ID-1;223649_kdrinter-ID-1;247968_kdrinter-ID-1
2440,223649_kdrca1DA-ID-2,K,2,223649_kdrca1DA-ID-2;247968_kdrca1DA-ID-1
2445,223649_im-ID-2,K,2,223649_im-ID-2;247968_im-ID-1
2447,223649_km-ID-2,K,1,223649_km-ID-2
2452,223649_kaprox-ID-4,K,1,223649_kaprox-ID-4
2453,223649_kdrca1-ID-4,K,1,223649_kdrca1-ID-4
2455,223649_kd-ID-2,K,1,223649_kd-ID-2
2457,48332_kpkj-ID-1,K,1,48332_kpkj-ID-1
2473,146030_Kdr_ChannelML-ID-1,K,1,146030_Kdr_ChannelML-ID-1
2474,146030_KA_ChannelML-ID-1,K,1,146030_KA_ChannelML-ID-1
2497,123453_Kv4-ID-1,K,1,123453_Kv4-ID-1
2498,123453_Kv1-ID-1,K,1,123453_Kv1-ID-1
2500,123453_Kv3-ID-1,K,1,123453_Kv3-ID-1
2521,136715_hh_Cp_scaled-ID-1,K,1,136715_hh_Cp_scaled-ID-1
2522,136715_hh_Ca_scaled-ID-1,K,1,136715_hh_Ca_scaled-ID-1
2523,136715_hh_Cs_scaled-ID-1,K,1,136715_hh_Cs_scaled-ID-1
2525,128079_hhmfb-ID-1,K,2,128079_hhmfb-ID-1;267617_hhmfb-ID-1
2527,128079_KIn-ID-1,K,2,128079_KIn-ID-1;267617_KIn-ID-1
2558,124043_hh3-ID-1,K,3,124043_hh3-ID-1;139150_hh3-ID-1;146565_hh3-ID-1
2580,115356_kdr-ID-1,K,1,115356_kdr-ID-1
2582,105385_kv1_gp-ID-1,K,3,105385_kv1_gp-ID-1;183949_kv1_gp-ID-1;217882_kv1_gp-ID-1
2590,151825_kslow-ID-1,K,1,151825_kslow-ID-1
2593,151825_kfast-ID-1,K,1,151825_kfast-ID-1
2610,124043_kdf-ID-1,K,1,124043_kdf-ID-1
2613,20756_kdr-ID-1,K,2,20756_kdr-ID-1;124043_kdr2-ID-1
2618,3263_borgka-ID-1,K,2,3263_borgka-ID-1;266823_borgka-ID-1
2626,20015_kdrs-ID-1,K,1,20015_kdrs-ID-1
2627,20015_kdrf-ID-1,K,1,20015_kdrf-ID-1
2628,20015_ka-ID-1,K,1,20015_ka-ID-1
2659,114685_KDRs-ID-1,K,1,114685_KDRs-ID-1
2661,114685_KDRf-ID-1,K,1,114685_KDRf-ID-1
2664,51022_fh-ID-1,K,1,51022_fh-ID-1
2679,154732_km-ID-1,K,1,154732_km-ID-1
2702,52034_kdr-ID-1,K,2,52034_kdr-ID-1;113732_kdr-ID-1
2706,52034_kdrp-ID-1,K,1,52034_kdrp-ID-1
2721,19591_Kdr_chan-ID-1,K,1,19591_Kdr_chan-ID-1
2728,19591_Ka_chan-ID-1,K,1,19591_Ka_chan-ID-1
2735,3793_kd-ID-1,K,1,3793_kd-ID-1
2736,87546_ks-ID-1,K,2,87546_ks-ID-1;170030_ks-ID-1
2742,144385_kv-ID-1,K,3,144385_kv-ID-1;266802_0_kv-ID-6;266802_0_kv-ID-1
2775,125385_skm-ID-1,K,1,125385_skm-ID-1
2776,125385_skaprox-ID-1,K,1,125385_skaprox-ID-1
2784,125385_skv-ID-1,K,1,125385_skv-ID-1
2789,83547_hh3-ID-1,K,1,83547_hh3-ID-1
2799,144526_Kv7-ID-1,K,21,144526_Kv7-ID-1;223955_Kv7-ID-13;223955_Kv7-ID-5;223955_Kv7-ID-7;223955_Kv7-ID-20;223955_Kv7-ID-8;223955_Kv7-ID-17;223955_Kv7-ID-2;223955_Kv7-ID-18;223955_Kv7-ID-4;223955_Kv7-ID-19;223955_Kv7-ID-16;223955_Kv7-ID-11;223955_Kv7-ID-6;223955_Kv7-ID-14;223955_Kv7-ID-3;223955_Kv7-ID-12;223955_Kv7-ID-10;223955_Kv7-ID-15;223955_Kv7-ID-1;223955_Kv7-ID-9
2806,144526_Kv1_axonal-ID-1,K,21,144526_Kv1_axonal-ID-1;223955_Kv1_axonal-ID-8;223955_Kv1_axonal-ID-19;223955_Kv1_axonal-ID-6;223955_Kv1_axonal-ID-7;223955_Kv1_axonal-ID-18;223955_Kv1_axonal-ID-5;223955_Kv1_axonal-ID-14;223955_Kv1_axonal-ID-17;223955_Kv1_axonal-ID-20;223955_Kv1_axonal-ID-11;223955_Kv1_axonal-ID-1;223955_Kv1_axonal-ID-16;223955_Kv1_axonal-ID-3;223955_Kv1_axonal-ID-10;223955_Kv1_axonal-ID-2;223955_Kv1_axonal-ID-13;223955_Kv1_axonal-ID-9;223955_Kv1_axonal-ID-15;223955_Kv1_axonal-ID-4;223955_Kv1_axonal-ID-12
2876,21329_nethhwbm-ID-1,K,1,21329_nethhwbm-ID-1
2901,118631_wb-ID-1,K,1,118631_wb-ID-1
2913,62673_kdersej-ID-1,K,1,62673_kdersej-ID-1
2925,184139_KdBG40-ID-1,K,1,184139_KdBG40-ID-1
2928,184139_Kdr-ID-1,K,1,184139_Kdr-ID-1
2929,184139_KaProx-ID-1,K,1,184139_KaProx-ID-1
2944,22203_km-ID-1,K,9,22203_km-ID-1;22203_km-ID-2;83344_km-ID-1;20212_Mykca-ID-1;108459_km-ID-1;138321_km-ID-1;266844_km-ID-2;266844_km-ID-1;266844_km-ID-3
2948,39949_kir2-ID-1,K,1,39949_kir2-ID-1
2949,39949_ksi-ID-1,K,1,39949_ksi-ID-1
2967,19747_BKDNaDR-ID-1,K,2,19747_BKDNaDR-ID-1;19746_BKDNaDR-ID-1
2969,146026_kslow-ID-1,K,1,146026_kslow-ID-1
2970,146026_IKM-ID-1,K,1,146026_IKM-ID-1
2975,146026_kfast-ID-1,K,1,146026_kfast-ID-1
2987,87585_ichanWT2005-ID-1,K,1,87585_ichanWT2005-ID-1
2988,87585_ichanR859C1-ID-1,K,1,87585_ichanR859C1-ID-1
2992,144520_ito-ID-1,K,1,144520_ito-ID-1
2998,144520_ikd-ID-1,K,1,144520_ikd-ID-1
2999,144520_ik1-ID-1,K,1,144520_ik1-ID-1
3034,144385_km-ID-1,K,1,144385_km-ID-1
3043,225080_kdr-ID-1,K,2,225080_kdr-ID-1;240960_kdr-ID-1
3049,225080_kap-ID-1,K,2,225080_kap-ID-1;240960_kap-ID-1
3051,225080_kad-ID-1,K,2,225080_kad-ID-1;240960_kad-ID-1
3066,141063_dr-ID-1,K,1,141063_dr-ID-1
3070,141063_sdsr-ID-1,K,1,141063_sdsr-ID-1
3072,144511_HH2-ID-1,K,1,144511_HH2-ID-1
3076,116956_emdk-ID-1,K,1,116956_emdk-ID-1
3081,143100_KCNQ-ID-1,K,3,143100_KCNQ-ID-1;183949_KCNQ-ID-1;267669_KCNQ-ID-1
3082,183949_km_hu-ID-1,K,1,183949_km_hu-ID-1
3083,207695_kleak-ID-1,K,1,207695_kleak-ID-1
3087,207695_kslow-ID-1,K,1,207695_kslow-ID-1
3091,207695_kfast-ID-1,K,1,207695_kfast-ID-1
3106,124063_Rod_Kx-ID-1,K,1,124063_Rod_Kx-ID-1
3112,124063_Rod_Kv-ID-1,K,1,124063_Rod_Kv-ID-1
3114,124063_A2hh_k-ID-1,K,1,124063_A2hh_k-ID-1
3118,83523_kfast-ID-1,K,1,83523_kfast-ID-1
3119,83523_kv-ID-1,K,1,83523_kv-ID-1
3135,93321_kd-ID-1,K,1,93321_kd-ID-1
3136,93321_ka-ID-1,K,1,93321_ka-ID-1
3145,143719_km-ID-1,K,2,143719_km-ID-1;147757_km-ID-1
3153,143719_kaprox-ID-1,K,2,143719_kaprox-ID-1;147757_kaprox-ID-1
3156,143719_kadist-ID-1,K,2,143719_kadist-ID-1;147757_kadist-ID-1
3159,19746_M99Ka-ID-1,K,1,19746_M99Ka-ID-1
3175,153196_km-ID-1,K,1,153196_km-ID-1
3182,153196_kv-ID-1,K,1,153196_kv-ID-1
3186,108458_Ka-ID-1,K,1,108458_Ka-ID-1
3200,37819_HH2-ID-1,K,3,37819_HH2-ID-1;116862_HH2-ID-1;267511_HH2-ID-1
3203,37819_kl-ID-1,K,2,37819_kl-ID-1;267511_kl-ID-1
3239,37819_km-ID-1,K,1,37819_km-ID-1
3240,37819_ntia-ID-1,K,1,37819_ntia-ID-1
3246,37819_kdr-ID-1,K,1,37819_kdr-ID-1
3247,37819_tia-ID-1,K,1,37819_tia-ID-1
3250,37819_kmbg-ID-1,K,1,37819_kmbg-ID-1
3259,37819_kv-ID-1,K,1,37819_kv-ID-1
3263,105385_kv4_gp-ID-1,K,1,105385_kv4_gp-ID-1
3265,105385_kv2_gp-ID-1,K,2,105385_kv2_gp-ID-1;122329_kv2_gp-ID-1
3268,105385_kcnq_gp-ID-1,K,2,105385_kcnq_gp-ID-1;122329_kcnq_gp-ID-1
3273,105385_kir2_gp-ID-1,K,1,105385_kir2_gp-ID-1
3274,105385_kv3_gp-ID-1,K,2,105385_kv3_gp-ID-1;122329_kv3_gp-ID-1
3276,105385_kleak_gp-ID-1,K,1,105385_kleak_gp-ID-1
3285,53569_Kslow-ID-1,K,1,53569_Kslow-ID-1
3293,143100_Kv2-ID-1,K,2,143100_Kv2-ID-1;267669_Kv2-ID-1
3294,143100_Kv3-ID-1,K,2,143100_Kv3-ID-1;267669_Kv3-ID-1
3295,143100_Kv4f-ID-1,K,2,143100_Kv4f-ID-1;267669_Kv4f-ID-1
3298,143100_Kv4s-ID-1,K,2,143100_Kv4s-ID-1;267669_Kv4s-ID-1
3303,8115_IKd_traub-ID-1,K,1,8115_IKd_traub-ID-1
3304,8115_IM-ID-1,K,1,8115_IM-ID-1
3305,3682_hh3-ID-1,K,1,3682_hh3-ID-1
3340,181967_kaprox-ID-1,K,1,181967_kaprox-ID-1
3344,181967_km2-ID-1,K,1,181967_km2-ID-1
3349,3342_kd-ID-1,K,2,3342_kd-ID-1;136026_kd-ID-1
3383,98017_hhPyr-ID-1,K,1,98017_hhPyr-ID-1
3389,98017_IKa-ID-1,K,1,98017_IKa-ID-1
3391,98017_IKs-ID-1,K,1,98017_IKs-ID-1
3397,98017_hhI-ID-1,K,1,98017_hhI-ID-1
3401,187604_ch_KvAdistp-ID-1,K,1,187604_ch_KvAdistp-ID-1
3405,187604_ch_KvAolm-ID-1,K,1,187604_ch_KvAolm-ID-1
3409,187604_ch_Kdrp-ID-1,K,1,187604_ch_Kdrp-ID-1
3411,187604_ch_KvAproxp-ID-1,K,1,187604_ch_KvAproxp-ID-1
3431,3488_kargc-ID-1,K,1,3488_kargc-ID-1
3433,127992_HHmicro-ID-1,K,1,127992_HHmicro-ID-1
3445,225080_km2-ID-1,K,1,225080_km2-ID-1
3447,121259_kdrca12-ID-1,K,1,121259_kdrca12-ID-1
3453,121259_kaprox2-ID-1,K,1,121259_kaprox2-ID-1
3463,144054_kdrmt-ID-1,K,1,144054_kdrmt-ID-1
3465,144054_kamt-ID-1,K,1,144054_kamt-ID-1
3472,144490_km-ID-1,K,1,144490_km-ID-1
3479,144490_hha2-ID-1,K,1,144490_hha2-ID-1
3480,144490_hha_old-ID-1,K,1,144490_hha_old-ID-1
3484,144490_kaprox-ID-1,K,1,144490_kaprox-ID-1
3486,144490_kadist-ID-1,K,1,144490_kadist-ID-1
3515,118986_kmtwt-ID-1,K,1,118986_kmtwt-ID-1
3516,118986_kmquad-ID-1,K,1,118986_kmquad-ID-1
3519,206400_km-ID-1,K,1,206400_km-ID-1
3522,206400_kdrca1-ID-1,K,1,206400_kdrca1-ID-1
3525,139654_kml-ID-1,K,1,139654_kml-ID-1
3527,139654_klt-ID-1,K,1,139654_klt-ID-1
3534,140462_IKt3-ID-1,K,1,140462_IKt3-ID-1
3535,140462_IKt1m4h-ID-1,K,1,140462_IKt1m4h-ID-1
3536,140462_Ikt2m2h-ID-1,K,1,140462_Ikt2m2h-ID-1
3552,185332_kleak-ID-1,K,1,185332_kleak-ID-1
3556,185332_kslow-ID-1,K,1,185332_kslow-ID-1
3560,185332_kfast-ID-1,K,2,185332_kfast-ID-1;225086_kfast-ID-1
3564,139653_SKv3_1-ID-1,K,1,139653_SKv3_1-ID-1
3571,139653_K_Tst-ID-1,K,1,139653_K_Tst-ID-1
3572,139653_Im-ID-1,K,1,139653_Im-ID-1
3575,139653_K_Pst-ID-1,K,1,139653_K_Pst-ID-1
3581,127507_newhh3-ID-1,K,1,127507_newhh3-ID-1
3633,3670_HH2-ID-1,K,1,3670_HH2-ID-1
3649,125857_kdr-ID-1,K,1,125857_kdr-ID-1
3655,125857_kaf-ID-1,K,1,125857_kaf-ID-1
3669,3648_kdrmt-ID-1,K,1,3648_kdrmt-ID-1
3670,3648_kamt-ID-1,K,1,3648_kamt-ID-1
3675,148094_kv72wt73wt-ID-1,K,2,148094_kv72wt73wt-ID-1;170030_kv72wt73wt-ID-1
3676,170030_kv72wt73wtR201C-ID-1,K,1,170030_kv72wt73wtR201C-ID-1
3686,140038_kdr7-ID-1,K,1,140038_kdr7-ID-1
3687,140038_shift_hh_6-ID-1,K,1,140038_shift_hh_6-ID-1
3695,74298_KDR-ID-1,K,1,74298_KDR-ID-1
3698,74298_Kv31-ID-1,K,1,74298_Kv31-ID-1
3724,148094_kv72wt73wt72R213Q-ID-1,K,1,148094_kv72wt73wt72R213Q-ID-1
3725,148094_kv72wt73wt72R213W-ID-1,K,1,148094_kv72wt73wt72R213W-ID-1
3729,217783_KA_iAMC_ChannelML-ID-1,K,1,217783_KA_iAMC_ChannelML-ID-1
3731,217783_Kdr_iAMC_Fig10Hii_ChannelML-ID-1,K,1,217783_Kdr_iAMC_Fig10Hii_ChannelML-ID-1
3733,217783_Kdr_iAMC_ChannelML-ID-1,K,1,217783_Kdr_iAMC_ChannelML-ID-1
3822,147460_AXNODE-ID-1,K,2,147460_AXNODE-ID-1;147460_AXNODE-ID-2
3825,140828_inwardrect-ID-1,K,1,140828_inwardrect-ID-1
3832,86537_kdr-ID-1,K,1,86537_kdr-ID-1
3846,3434_khh-ID-1,K,1,3434_khh-ID-1
3849,3434_khva-ID-1,K,1,3434_khva-ID-1
3850,3434_klva-ID-1,K,1,3434_klva-ID-1
3851,144482_kasoma-ID-1,K,1,144482_kasoma-ID-1
3852,20756_km-ID-1,K,2,20756_km-ID-1;144482_km-ID-1
3857,144482_k2soma-ID-1,K,1,144482_k2soma-ID-1
3858,144482_kdr-ID-1,K,1,144482_kdr-ID-1
3867,144482_k2-ID-1,K,1,144482_k2-ID-1
3869,20756_ka-ID-1,K,2,20756_ka-ID-1;144482_ka-ID-1
3870,144482_kdrsoma-ID-1,K,1,144482_kdrsoma-ID-1
3873,110560_potassium-ID-1,K,1,110560_potassium-ID-1
3910,150288_kdrca1DA-ID-1,K,1,150288_kdrca1DA-ID-1
3923,150288_im-ID-1,K,1,150288_im-ID-1
3937,3800_ito-ID-1,K,1,3800_ito-ID-1
3943,3800_ikur-ID-1,K,1,3800_ikur-ID-1
3948,3800_ikr-ID-1,K,1,3800_ikr-ID-1
3949,3800_iks-ID-1,K,1,3800_iks-ID-1
3950,3800_ik1-ID-1,K,1,3800_ik1-ID-1
3952,114355_G_kaprox-ID-1,K,2,114355_G_kaprox-ID-1;114355_G_kaprox-ID-2
3955,114355_M_kadist-ID-1,K,2,114355_M_kadist-ID-1;114355_M_kadist-ID-2
3960,114355_M_kaprox-ID-1,K,2,114355_M_kaprox-ID-1;114355_M_kaprox-ID-2
3964,114355_M_kdr-ID-1,K,2,114355_M_kdr-ID-1;114355_M_kdr-ID-2
3969,114355_G_kdr-ID-1,K,2,114355_G_kdr-ID-1;114355_G_kdr-ID-2
3983,3493_kdr_moto-ID-1,K,1,3493_kdr_moto-ID-1
3984,3493_ka_moto-ID-1,K,1,3493_ka_moto-ID-1
3987,87473_fn-ID-1,K,1,87473_fn-ID-1
3991,87473_ka-ID-1,K,1,87473_ka-ID-1
3994,155796_kdr-ID-1,K,1,155796_kdr-ID-1
3998,155796_ka-ID-1,K,1,155796_ka-ID-1
4016,3807_pcell-ID-1,K,1,3807_pcell-ID-1
4022,150446_KdrTraub1994ax-ID-1,K,1,150446_KdrTraub1994ax-ID-1
4024,150446_KaTraub1994-ID-1,K,1,150446_KaTraub1994-ID-1
4028,150446_KdrTraub1994sd-ID-1,K,1,150446_KdrTraub1994sd-ID-1
4033,51196_grc_kir-ID-1,K,1,51196_grc_kir-ID-1
4034,51196_grg_kv-ID-1,K,1,51196_grg_kv-ID-1
4040,51196_grc_ka-ID-1,K,1,51196_grc_ka-ID-1
4048,51196_grg_km-ID-1,K,1,51196_grg_km-ID-1
4065,116862_kdr2-ID-1,K,2,116862_kdr2-ID-1;136095_kdr2-ID-1
4067,116862_kmbg-ID-1,K,2,116862_kmbg-ID-1;136095_kmbg-ID-1
4075,116862_nthh-ID-1,K,2,116862_nthh-ID-1;136095_nthh-ID-1
4089,53869_kLT_VCN2003-ID-1,K,1,53869_kLT_VCN2003-ID-1
4091,53869_kHT_VCN2003-ID-1,K,1,53869_kHT_VCN2003-ID-1
4100,98005_kcnq_ch-ID-1,K,1,98005_kcnq_ch-ID-1
4102,98005_kv2_ch-ID-1,K,1,98005_kv2_ch-ID-1
4104,98005_kv4_ch-ID-1,K,1,98005_kv4_ch-ID-1
4108,98005_kir2_ch-ID-1,K,1,98005_kir2_ch-ID-1
4153,87284_kadist-ID-1,K,1,87284_kadist-ID-1
4156,150621_Km-ID-1,K,2,150621_Km-ID-1;150556_Km-ID-1
4157,150621_KAfm-ID-1,K,2,150621_KAfm-ID-1;150556_KAfm-ID-1
4159,150621_KAsm-ID-1,K,2,150621_KAsm-ID-1;150556_KAsm-ID-1
4160,150621_Krpm-ID-1,K,2,150621_Krpm-ID-1;150556_Krpm-ID-1
4163,150621_Kirm-ID-1,K,1,150621_Kirm-ID-1
4165,185328_hhkchan-ID-1,K,1,185328_hhkchan-ID-1
4166,185328_HHMkchan-ID-1,K,1,185328_HHMkchan-ID-1
4182,64212_kavn-ID-1,K,1,64212_kavn-ID-1
4192,136095_A-ID-1,K,1,136095_A-ID-1
4205,123927_kslow-ID-1,K,1,123927_kslow-ID-1
4207,147461_HH2-ID-1,K,1,147461_HH2-ID-1
4228,3808_HH2-ID-1,K,1,3808_HH2-ID-1
4229,3808_HH1-ID-1,K,1,3808_HH1-ID-1
4267,126637_KM-ID-1,K,1,126637_KM-ID-1
4270,126637_Kh-ID-1,K,1,126637_Kh-ID-1
4271,126637_Khcvode-ID-1,K,1,126637_Khcvode-ID-1
4276,126637_KDcvode-ID-1,K,1,126637_KDcvode-ID-1
4279,126637_KAcvode-ID-1,K,1,126637_KAcvode-ID-1
4283,126637_Khh-ID-1,K,1,126637_Khh-ID-1
4284,126637_KD-ID-1,K,1,126637_KD-ID-1
4286,126637_KA-ID-1,K,1,126637_KA-ID-1
4287,126637_Khhcvode-ID-1,K,1,126637_Khhcvode-ID-1
4289,126637_KMcvode-ID-1,K,1,126637_KMcvode-ID-1
4303,8284_ichan-ID-1,K,1,8284_ichan-ID-1
4392,127388_pSTN-ID-1,K,2,127388_pSTN-ID-1;262046_pSTN-ID-1
4395,127388_pGPeA-ID-1,K,2,127388_pGPeA-ID-1;262046_pGPeA-ID-1
4436,3342_kd-ID-2,K,1,3342_kd-ID-2
4456,54903_km-ID-1,K,1,54903_km-ID-1
4461,54903_kv-ID-1,K,1,54903_kv-ID-1
4466,82849_iks-ID-1,K,1,82849_iks-ID-1
4499,122329_kv4_gp-ID-1,K,1,122329_kv4_gp-ID-1
4506,122329_kv1_gp-ID-1,K,1,122329_kv1_gp-ID-1
4535,35358_kdr-ID-1,K,1,35358_kdr-ID-1
4542,37857_kht-ID-1,K,1,37857_kht-ID-1
4543,37857_ka-ID-1,K,1,37857_ka-ID-1
4545,37857_klt-ID-1,K,1,37857_klt-ID-1
4566,84589_km-ID-1,K,1,84589_km-ID-1
4569,84589_kk-ID-1,K,1,84589_kk-ID-1
4576,84589_kaprox-ID-1,K,1,84589_kaprox-ID-1
4577,84589_kd-ID-1,K,1,84589_kd-ID-1
4579,84589_kadist-ID-1,K,1,84589_kadist-ID-1
4595,83590_hh_in-ID-1,K,1,83590_hh_in-ID-1
4597,114047_hh-ID-1,K,1,114047_hh-ID-1
4633,144502_kdr-ID-1,K,1,144502_kdr-ID-1
4645,97756_KChannel-ID-1,K,1,97756_KChannel-ID-1
4649,145672_Kv4_csiosi-ID-1,K,1,145672_Kv4_csiosi-ID-1
4650,145672_Kv4_csi-ID-1,K,1,145672_Kv4_csi-ID-1
4651,3344_kadg-ID-1,K,1,3344_kadg-ID-1
4659,117207_kadist-ID-1,K,1,117207_kadist-ID-1
4681,20212_hh3-ID-1,K,1,20212_hh3-ID-1
4690,20212_hha-ID-1,K,1,20212_hha-ID-1
4695,20212_kdr-ID-1,K,1,20212_kdr-ID-1
4704,20212_kdr_inac-ID-1,K,1,20212_kdr_inac-ID-1
4705,20212_kdrca1-ID-1,K,1,20212_kdrca1-ID-1
4708,20212_hh3_flei-ID-1,K,1,20212_hh3_flei-ID-1
4712,20212_borgkm-ID-1,K,1,20212_borgkm-ID-1
4749,62266_B_DR-ID-1,K,1,62266_B_DR-ID-1
4750,62266_B_A-ID-1,K,1,62266_B_A-ID-1
4765,141272_hh2F-ID-1,K,1,141272_hh2F-ID-1
4768,141272_hhdet-ID-1,K,1,141272_hhdet-ID-1
4769,141272_hh58CW-ID-1,K,1,141272_hh58CW-ID-1
4770,141272_hh2CW-ID-1,K,1,141272_hh2CW-ID-1
4775,150556_Kirm-ID-1,K,1,150556_Kirm-ID-1
4816,37856_pyr-ID-1,K,1,37856_pyr-ID-1